-- phpMyAdmin SQL Dump
-- version 4.9.0.1
-- https://www.phpmyadmin.net/
--
-- Host: localhost:3306
-- Generation Time: Feb 11, 2020 at 12:00 PM
-- Server version: 5.7.26
-- PHP Version: 7.3.7

SET SQL_MODE = "NO_AUTO_VALUE_ON_ZERO";
SET time_zone = "+00:00";

--
-- Database: `tth_attendancedb`
--

-- --------------------------------------------------------

--
-- Table structure for table `alerts`
--

CREATE TABLE `alerts` (
  `ID` int(11) UNSIGNED NOT NULL,
  `pr_number` varchar(45) COLLATE utf8_unicode_ci DEFAULT NULL,
  `item_name` varchar(1000) COLLATE utf8_unicode_ci DEFAULT NULL,
  `item_code` varchar(45) COLLATE utf8_unicode_ci DEFAULT NULL,
  `created_dt` datetime DEFAULT NULL,
  `min_qty` int(11) DEFAULT NULL,
  `max_qty` int(11) DEFAULT NULL,
  `qoh` int(11) DEFAULT NULL,
  `store_name` varchar(255) COLLATE utf8_unicode_ci NOT NULL,
  `data_chunk` text COLLATE utf8_unicode_ci NOT NULL,
  `status` varchar(45) COLLATE utf8_unicode_ci DEFAULT NULL
) ENGINE=InnoDB DEFAULT CHARSET=utf8 COLLATE=utf8_unicode_ci;

-- --------------------------------------------------------

--
-- Table structure for table `departments`
--

CREATE TABLE `departments` (
  `ID` int(11) NOT NULL,
  `name` varchar(255) COLLATE utf8_unicode_ci NOT NULL,
  `email` varchar(255) COLLATE utf8_unicode_ci NOT NULL
) ENGINE=InnoDB DEFAULT CHARSET=utf8 COLLATE=utf8_unicode_ci;

--
-- Dumping data for table `departments`
--

INSERT INTO `departments` (`ID`, `name`, `email`) VALUES
(1, 'ICT Department', 'ict@treetophospital.com');

-- --------------------------------------------------------

--
-- Table structure for table `documents`
--

CREATE TABLE `documents` (
  `ID` int(11) NOT NULL,
  `user_id` int(11) NOT NULL,
  `doc_name` varchar(255) COLLATE utf8_unicode_ci NOT NULL,
  `doc_path` varchar(255) COLLATE utf8_unicode_ci NOT NULL
) ENGINE=InnoDB DEFAULT CHARSET=utf8 COLLATE=utf8_unicode_ci;

-- --------------------------------------------------------

--
-- Table structure for table `emailer`
--

CREATE TABLE `emailer` (
  `ID` int(11) UNSIGNED NOT NULL,
  `query_id` int(11) DEFAULT NULL,
  `recipient_id` int(11) DEFAULT NULL
) ENGINE=InnoDB DEFAULT CHARSET=utf8 COLLATE=utf8_unicode_ci;

--
-- Dumping data for table `emailer`
--

INSERT INTO `emailer` (`ID`, `query_id`, `recipient_id`) VALUES
(1, 1, 1),
(2, 1, 2);

-- --------------------------------------------------------

--
-- Table structure for table `groups`
--

CREATE TABLE `groups` (
  `ID` int(11) UNSIGNED NOT NULL,
  `group_name` varchar(45) COLLATE utf8_unicode_ci NOT NULL DEFAULT '',
  `group_roles` text COLLATE utf8_unicode_ci
) ENGINE=InnoDB DEFAULT CHARSET=utf8 COLLATE=utf8_unicode_ci;

--
-- Dumping data for table `groups`
--

INSERT INTO `groups` (`ID`, `group_name`, `group_roles`) VALUES
(1, 'Normal User', NULL),
(2, 'Administrator', 'CR_ROLES:UP_ROLES:RM_ROLES:CR_SETTINGS:UP_SETTINGS:CR_GROUPS:UP_GROUPS:RM_GROUPS:MNG_USER:MNG_REPTS'),
(3, 'Finance', NULL),
(4, 'Pharmacy', NULL);

-- --------------------------------------------------------

--
-- Table structure for table `logs`
--

CREATE TABLE `logs` (
  `ID` int(11) UNSIGNED NOT NULL,
  `log_dt` datetime DEFAULT NULL,
  `remark` varchar(2000) COLLATE utf8_unicode_ci DEFAULT NULL,
  `log_type` varchar(45) COLLATE utf8_unicode_ci DEFAULT NULL
) ENGINE=InnoDB DEFAULT CHARSET=utf8 COLLATE=utf8_unicode_ci;

--
-- Dumping data for table `logs`
--

INSERT INTO `logs` (`ID`, `log_dt`, `remark`, `log_type`) VALUES
(1, '2019-10-13 23:07:21', 'Email script running', 'cron_job'),
(2, '2019-10-13 23:13:18', 'Ahmed Shan added 3 to 1', 'system_log'),
(3, '2019-10-13 23:13:19', 'Ahmed Shan added 5 to 1', 'system_log'),
(4, '2019-10-13 23:13:19', 'Ahmed Shan removed 5 from 1', 'system_log'),
(5, '2019-10-13 23:13:21', 'Ahmed Shan removed 3 from 1', 'system_log'),
(6, '2019-10-13 23:20:22', 'Email script running', 'cron_job'),
(7, '2019-10-13 23:30:08', 'Email script running', 'cron_job'),
(8, '2019-10-13 23:30:21', 'Email script running', 'cron_job'),
(9, '2019-10-13 23:34:43', 'Email script running', 'cron_job'),
(10, '2019-10-13 23:35:54', 'Email script running', 'cron_job'),
(11, '2019-10-13 23:36:35', 'Email script running', 'cron_job'),
(12, '2019-10-13 23:36:49', 'Ahmed Shan added 1 to 1', 'system_log'),
(13, '2019-10-13 23:36:52', 'Email script running', 'cron_job'),
(14, '2019-10-13 23:54:01', 'Email script running', 'cron_job'),
(15, '2019-10-13 23:54:01', 'No managers found for 3B WARD STORE', 'cron_job'),
(16, '2019-10-13 23:54:01', 'No managers found for 4A WARD STORE', 'cron_job'),
(17, '2019-10-13 23:54:01', 'No managers found for 4B WARD STORE', 'cron_job'),
(18, '2019-10-13 23:54:01', 'No managers found for 5A WARD STORE', 'cron_job'),
(19, '2019-10-13 23:54:01', 'No managers found for BIO-MEDICAL STORE', 'cron_job'),
(20, '2019-10-13 23:54:01', 'No managers found for BLOOD BANK STORE', 'cron_job'),
(21, '2019-10-13 23:54:01', 'No managers found for CARDIAC PERFUSION STORE', 'cron_job'),
(22, '2019-10-13 23:54:01', 'No managers found for CATH LAB STORE', 'cron_job'),
(23, '2019-10-13 23:54:01', 'No managers found for CCU STORE', 'cron_job'),
(24, '2019-10-13 23:54:01', 'No managers found for CENTRAL CLINIC MALE', 'cron_job'),
(25, '2019-10-13 23:54:01', 'No managers found for CENTRAL CLINIC MALE-PHARMACY', 'cron_job'),
(26, '2019-10-13 23:54:01', 'No managers found for CHEMICAL STORE', 'cron_job'),
(27, '2019-10-13 23:54:01', 'No managers found for CLUSTER A POLYCLINIC STORE', 'cron_job'),
(28, '2019-10-13 23:54:01', 'No managers found for CLUSTER B POLYCLINIC STORE', 'cron_job'),
(29, '2019-10-13 23:54:01', 'No managers found for CLUSTER C POLYCLINIC STORE', 'cron_job'),
(30, '2019-10-13 23:54:01', 'No managers found for CSSD STORE', 'cron_job'),
(31, '2019-10-13 23:54:01', 'No managers found for DAY CARE/ SDCU STORE', 'cron_job'),
(32, '2019-10-13 23:54:01', 'No managers found for DAY PROCEDURE STORE ', 'cron_job'),
(33, '2019-10-13 23:54:01', 'No managers found for DENTAL STORE', 'cron_job'),
(34, '2019-10-13 23:54:01', 'No managers found for DIAGNOSTIC STORE', 'cron_job'),
(35, '2019-10-13 23:54:01', 'No managers found for DIALYSIS STORE', 'cron_job'),
(36, '2019-10-13 23:54:01', 'No managers found for DIETETICS STORE', 'cron_job'),
(37, '2019-10-13 23:54:01', 'No managers found for EMERGENCY STORE', 'cron_job'),
(38, '2019-10-13 23:54:01', 'No managers found for ENDOSCOPY STORE', 'cron_job'),
(39, '2019-10-13 23:54:01', 'No managers found for ENGINEERING STORE', 'cron_job'),
(40, '2019-10-13 23:54:01', 'No managers found for F&B STORE', 'cron_job'),
(41, '2019-10-13 23:54:01', 'No managers found for HDU STORE', 'cron_job'),
(42, '2019-10-13 23:54:01', 'No managers found for HOSPITAL MAIN STORE', 'cron_job'),
(43, '2019-10-13 23:54:01', 'No managers found for HOUSEKEEPING STORE', 'cron_job'),
(44, '2019-10-13 23:54:01', 'No managers found for ICU STORE', 'cron_job'),
(45, '2019-10-13 23:54:01', 'No managers found for IP PHARMACY STORE', 'cron_job'),
(46, '2019-10-13 23:54:01', 'No managers found for LABORATORY STORE', 'cron_job'),
(47, '2019-10-13 23:54:01', 'No managers found for LABOUR ROOM STORE', 'cron_job'),
(48, '2019-10-13 23:54:01', 'No managers found for MAIN STORE', 'cron_job'),
(49, '2019-10-13 23:54:01', 'No managers found for MEDICAL WAREHOUSE', 'cron_job'),
(50, '2019-10-13 23:54:01', 'No managers found for MRI STORE', 'cron_job'),
(51, '2019-10-13 23:54:01', 'No managers found for NICU STORE', 'cron_job'),
(52, '2019-10-13 23:54:01', 'No managers found for ONCOLOGY PHARMACY', 'cron_job'),
(53, '2019-10-13 23:54:01', 'No managers found for ONCOLOGY STORE', 'cron_job'),
(54, '2019-10-13 23:54:01', 'No managers found for OP PHARMACY STORE', 'cron_job'),
(55, '2019-10-13 23:54:01', 'No managers found for OPERATION THEATRE STORE', 'cron_job'),
(56, '2019-10-13 23:54:01', 'No managers found for PHARMACY STORE', 'cron_job'),
(57, '2019-10-13 23:54:01', 'No managers found for RADIOLOGY STORE', 'cron_job'),
(58, '2019-10-13 23:54:01', 'No managers found for REHAB STORE', 'cron_job'),
(59, '2019-10-13 23:54:12', 'Email script running', 'cron_job'),
(60, '2019-10-13 23:54:12', 'No managers found for 3B WARD STORE', 'cron_job'),
(61, '2019-10-13 23:54:12', 'No managers found for 4A WARD STORE', 'cron_job'),
(62, '2019-10-13 23:54:12', 'No managers found for 4B WARD STORE', 'cron_job'),
(63, '2019-10-13 23:54:12', 'No managers found for 5A WARD STORE', 'cron_job'),
(64, '2019-10-13 23:54:12', 'No managers found for BIO-MEDICAL STORE', 'cron_job'),
(65, '2019-10-13 23:54:12', 'No managers found for BLOOD BANK STORE', 'cron_job'),
(66, '2019-10-13 23:54:12', 'No managers found for CARDIAC PERFUSION STORE', 'cron_job'),
(67, '2019-10-13 23:54:12', 'No managers found for CATH LAB STORE', 'cron_job'),
(68, '2019-10-13 23:54:12', 'No managers found for CCU STORE', 'cron_job'),
(69, '2019-10-13 23:54:12', 'No managers found for CENTRAL CLINIC MALE', 'cron_job'),
(70, '2019-10-13 23:54:12', 'No managers found for CENTRAL CLINIC MALE-PHARMACY', 'cron_job'),
(71, '2019-10-13 23:54:12', 'No managers found for CHEMICAL STORE', 'cron_job'),
(72, '2019-10-13 23:54:12', 'No managers found for CLUSTER A POLYCLINIC STORE', 'cron_job'),
(73, '2019-10-13 23:54:12', 'No managers found for CLUSTER B POLYCLINIC STORE', 'cron_job'),
(74, '2019-10-13 23:54:12', 'No managers found for CLUSTER C POLYCLINIC STORE', 'cron_job'),
(75, '2019-10-13 23:54:12', 'No managers found for CSSD STORE', 'cron_job'),
(76, '2019-10-13 23:54:12', 'No managers found for DAY CARE/ SDCU STORE', 'cron_job'),
(77, '2019-10-13 23:54:12', 'No managers found for DAY PROCEDURE STORE ', 'cron_job'),
(78, '2019-10-13 23:54:12', 'No managers found for DENTAL STORE', 'cron_job'),
(79, '2019-10-13 23:54:12', 'No managers found for DIAGNOSTIC STORE', 'cron_job'),
(80, '2019-10-13 23:54:12', 'No managers found for DIALYSIS STORE', 'cron_job'),
(81, '2019-10-13 23:54:12', 'No managers found for DIETETICS STORE', 'cron_job'),
(82, '2019-10-13 23:54:12', 'No managers found for EMERGENCY STORE', 'cron_job'),
(83, '2019-10-13 23:54:12', 'No managers found for ENDOSCOPY STORE', 'cron_job'),
(84, '2019-10-13 23:54:12', 'No managers found for ENGINEERING STORE', 'cron_job'),
(85, '2019-10-13 23:54:12', 'No managers found for F&B STORE', 'cron_job'),
(86, '2019-10-13 23:54:12', 'No managers found for HDU STORE', 'cron_job'),
(87, '2019-10-13 23:54:12', 'No managers found for HOSPITAL MAIN STORE', 'cron_job'),
(88, '2019-10-13 23:54:12', 'No managers found for HOUSEKEEPING STORE', 'cron_job'),
(89, '2019-10-13 23:54:12', 'No managers found for ICU STORE', 'cron_job'),
(90, '2019-10-13 23:54:12', 'No managers found for IP PHARMACY STORE', 'cron_job'),
(91, '2019-10-13 23:54:12', 'No managers found for LABORATORY STORE', 'cron_job'),
(92, '2019-10-13 23:54:12', 'No managers found for LABOUR ROOM STORE', 'cron_job'),
(93, '2019-10-13 23:54:12', 'No managers found for MAIN STORE', 'cron_job'),
(94, '2019-10-13 23:54:12', 'No managers found for MEDICAL WAREHOUSE', 'cron_job'),
(95, '2019-10-13 23:54:12', 'No managers found for MRI STORE', 'cron_job'),
(96, '2019-10-13 23:54:12', 'No managers found for NICU STORE', 'cron_job'),
(97, '2019-10-13 23:54:12', 'No managers found for ONCOLOGY PHARMACY', 'cron_job'),
(98, '2019-10-13 23:54:12', 'No managers found for ONCOLOGY STORE', 'cron_job'),
(99, '2019-10-13 23:54:12', 'No managers found for OP PHARMACY STORE', 'cron_job'),
(100, '2019-10-13 23:54:12', 'No managers found for OPERATION THEATRE STORE', 'cron_job'),
(101, '2019-10-13 23:54:12', 'No managers found for PHARMACY STORE', 'cron_job'),
(102, '2019-10-13 23:54:12', 'No managers found for RADIOLOGY STORE', 'cron_job'),
(103, '2019-10-13 23:54:12', 'No managers found for REHAB STORE', 'cron_job'),
(104, '2019-10-13 23:57:03', 'Email script running', 'cron_job'),
(105, '2019-10-13 23:57:03', 'No managers found for 3B WARD STORE', 'cron_job'),
(106, '2019-10-13 23:57:03', 'No managers found for 4A WARD STORE', 'cron_job'),
(107, '2019-10-13 23:57:03', 'No managers found for 4B WARD STORE', 'cron_job'),
(108, '2019-10-13 23:57:03', 'No managers found for 5A WARD STORE', 'cron_job'),
(109, '2019-10-13 23:57:03', 'No managers found for BIO-MEDICAL STORE', 'cron_job'),
(110, '2019-10-13 23:57:03', 'No managers found for BLOOD BANK STORE', 'cron_job'),
(111, '2019-10-13 23:57:03', 'No managers found for CARDIAC PERFUSION STORE', 'cron_job'),
(112, '2019-10-13 23:57:03', 'No managers found for CATH LAB STORE', 'cron_job'),
(113, '2019-10-13 23:57:03', 'No managers found for CCU STORE', 'cron_job'),
(114, '2019-10-13 23:57:03', 'No managers found for CENTRAL CLINIC MALE', 'cron_job'),
(115, '2019-10-13 23:57:03', 'No managers found for CENTRAL CLINIC MALE-PHARMACY', 'cron_job'),
(116, '2019-10-13 23:57:03', 'No managers found for CHEMICAL STORE', 'cron_job'),
(117, '2019-10-13 23:57:03', 'No managers found for CLUSTER A POLYCLINIC STORE', 'cron_job'),
(118, '2019-10-13 23:57:03', 'No managers found for CLUSTER B POLYCLINIC STORE', 'cron_job'),
(119, '2019-10-13 23:57:03', 'No managers found for CLUSTER C POLYCLINIC STORE', 'cron_job'),
(120, '2019-10-13 23:57:03', 'No managers found for CSSD STORE', 'cron_job'),
(121, '2019-10-13 23:57:03', 'No managers found for DAY CARE/ SDCU STORE', 'cron_job'),
(122, '2019-10-13 23:57:03', 'No managers found for DAY PROCEDURE STORE ', 'cron_job'),
(123, '2019-10-13 23:57:03', 'No managers found for DENTAL STORE', 'cron_job'),
(124, '2019-10-13 23:57:03', 'No managers found for DIAGNOSTIC STORE', 'cron_job'),
(125, '2019-10-13 23:57:03', 'No managers found for DIALYSIS STORE', 'cron_job'),
(126, '2019-10-13 23:57:03', 'No managers found for DIETETICS STORE', 'cron_job'),
(127, '2019-10-13 23:57:03', 'No managers found for EMERGENCY STORE', 'cron_job'),
(128, '2019-10-13 23:57:03', 'No managers found for ENDOSCOPY STORE', 'cron_job'),
(129, '2019-10-13 23:57:03', 'No managers found for ENGINEERING STORE', 'cron_job'),
(130, '2019-10-13 23:57:03', 'No managers found for F&B STORE', 'cron_job'),
(131, '2019-10-13 23:57:03', 'No managers found for HDU STORE', 'cron_job'),
(132, '2019-10-13 23:57:03', 'No managers found for HOSPITAL MAIN STORE', 'cron_job'),
(133, '2019-10-13 23:57:03', 'No managers found for HOUSEKEEPING STORE', 'cron_job'),
(134, '2019-10-13 23:57:03', 'No managers found for ICU STORE', 'cron_job'),
(135, '2019-10-13 23:57:03', 'No managers found for IP PHARMACY STORE', 'cron_job'),
(136, '2019-10-13 23:57:03', 'No managers found for LABORATORY STORE', 'cron_job'),
(137, '2019-10-13 23:57:03', 'No managers found for LABOUR ROOM STORE', 'cron_job'),
(138, '2019-10-13 23:57:03', 'No managers found for MAIN STORE', 'cron_job'),
(139, '2019-10-13 23:57:03', 'No managers found for MEDICAL WAREHOUSE', 'cron_job'),
(140, '2019-10-13 23:57:03', 'No managers found for MRI STORE', 'cron_job'),
(141, '2019-10-13 23:57:03', 'No managers found for NICU STORE', 'cron_job'),
(142, '2019-10-13 23:57:03', 'No managers found for ONCOLOGY PHARMACY', 'cron_job'),
(143, '2019-10-13 23:57:03', 'No managers found for ONCOLOGY STORE', 'cron_job'),
(144, '2019-10-13 23:57:03', 'No managers found for OP PHARMACY STORE', 'cron_job'),
(145, '2019-10-13 23:57:03', 'No managers found for OPERATION THEATRE STORE', 'cron_job'),
(146, '2019-10-13 23:57:03', 'No managers found for PHARMACY STORE', 'cron_job'),
(147, '2019-10-13 23:57:03', 'No managers found for RADIOLOGY STORE', 'cron_job'),
(148, '2019-10-13 23:57:03', 'No managers found for REHAB STORE', 'cron_job'),
(149, '2019-10-14 00:06:50', 'Email script running', 'cron_job'),
(150, '2019-10-14 00:06:50', 'Alert sent to Ahmed Shan', 'system_log'),
(151, '2019-10-14 00:06:50', 'No managers found for 3B WARD STORE', 'cron_job'),
(152, '2019-10-14 00:06:50', 'No managers found for 4A WARD STORE', 'cron_job'),
(153, '2019-10-14 00:06:50', 'No managers found for 4B WARD STORE', 'cron_job'),
(154, '2019-10-14 00:06:50', 'No managers found for 5A WARD STORE', 'cron_job'),
(155, '2019-10-14 00:06:50', 'No managers found for BIO-MEDICAL STORE', 'cron_job'),
(156, '2019-10-14 00:06:50', 'No managers found for BLOOD BANK STORE', 'cron_job'),
(157, '2019-10-14 00:06:50', 'No managers found for CARDIAC PERFUSION STORE', 'cron_job'),
(158, '2019-10-14 00:06:50', 'No managers found for CATH LAB STORE', 'cron_job'),
(159, '2019-10-14 00:06:50', 'No managers found for CCU STORE', 'cron_job'),
(160, '2019-10-14 00:06:50', 'No managers found for CENTRAL CLINIC MALE', 'cron_job'),
(161, '2019-10-14 00:06:50', 'No managers found for CENTRAL CLINIC MALE-PHARMACY', 'cron_job'),
(162, '2019-10-14 00:06:50', 'No managers found for CHEMICAL STORE', 'cron_job'),
(163, '2019-10-14 00:06:50', 'No managers found for CLUSTER A POLYCLINIC STORE', 'cron_job'),
(164, '2019-10-14 00:06:50', 'No managers found for CLUSTER B POLYCLINIC STORE', 'cron_job'),
(165, '2019-10-14 00:06:50', 'No managers found for CLUSTER C POLYCLINIC STORE', 'cron_job'),
(166, '2019-10-14 00:06:50', 'No managers found for CSSD STORE', 'cron_job'),
(167, '2019-10-14 00:06:50', 'No managers found for DAY CARE/ SDCU STORE', 'cron_job'),
(168, '2019-10-14 00:06:50', 'No managers found for DAY PROCEDURE STORE ', 'cron_job'),
(169, '2019-10-14 00:06:50', 'No managers found for DENTAL STORE', 'cron_job'),
(170, '2019-10-14 00:06:50', 'No managers found for DIAGNOSTIC STORE', 'cron_job'),
(171, '2019-10-14 00:06:50', 'No managers found for DIALYSIS STORE', 'cron_job'),
(172, '2019-10-14 00:06:50', 'No managers found for DIETETICS STORE', 'cron_job'),
(173, '2019-10-14 00:06:50', 'No managers found for EMERGENCY STORE', 'cron_job'),
(174, '2019-10-14 00:06:50', 'No managers found for ENDOSCOPY STORE', 'cron_job'),
(175, '2019-10-14 00:06:50', 'No managers found for ENGINEERING STORE', 'cron_job'),
(176, '2019-10-14 00:06:50', 'No managers found for F&B STORE', 'cron_job'),
(177, '2019-10-14 00:06:50', 'No managers found for HDU STORE', 'cron_job'),
(178, '2019-10-14 00:06:50', 'No managers found for HOSPITAL MAIN STORE', 'cron_job'),
(179, '2019-10-14 00:06:50', 'No managers found for HOUSEKEEPING STORE', 'cron_job'),
(180, '2019-10-14 00:06:50', 'No managers found for ICU STORE', 'cron_job'),
(181, '2019-10-14 00:06:50', 'No managers found for IP PHARMACY STORE', 'cron_job'),
(182, '2019-10-14 00:06:50', 'No managers found for LABORATORY STORE', 'cron_job'),
(183, '2019-10-14 00:06:50', 'No managers found for LABOUR ROOM STORE', 'cron_job'),
(184, '2019-10-14 00:06:50', 'No managers found for MAIN STORE', 'cron_job'),
(185, '2019-10-14 00:06:50', 'No managers found for MEDICAL WAREHOUSE', 'cron_job'),
(186, '2019-10-14 00:06:50', 'No managers found for MRI STORE', 'cron_job'),
(187, '2019-10-14 00:06:50', 'No managers found for NICU STORE', 'cron_job'),
(188, '2019-10-14 00:06:50', 'No managers found for ONCOLOGY PHARMACY', 'cron_job'),
(189, '2019-10-14 00:06:50', 'No managers found for ONCOLOGY STORE', 'cron_job'),
(190, '2019-10-14 00:06:50', 'No managers found for OP PHARMACY STORE', 'cron_job'),
(191, '2019-10-14 00:06:50', 'No managers found for OPERATION THEATRE STORE', 'cron_job'),
(192, '2019-10-14 00:06:50', 'No managers found for PHARMACY STORE', 'cron_job'),
(193, '2019-10-14 00:06:50', 'No managers found for RADIOLOGY STORE', 'cron_job'),
(194, '2019-10-14 00:06:50', 'No managers found for REHAB STORE', 'cron_job'),
(195, '2019-10-14 00:07:56', 'Ahmed Shan added 3 to 1', 'system_log'),
(196, '2019-10-14 00:08:01', 'Email script running', 'cron_job'),
(197, '2019-10-14 00:08:02', 'Alert sent to Ahmed Shan', 'system_log'),
(198, '2019-10-14 00:08:02', 'Alert sent to Maahid Mohamed', 'system_log'),
(199, '2019-10-14 00:08:02', 'No managers found for 3B WARD STORE', 'cron_job'),
(200, '2019-10-14 00:08:02', 'No managers found for 4A WARD STORE', 'cron_job'),
(201, '2019-10-14 00:08:02', 'No managers found for 4B WARD STORE', 'cron_job'),
(202, '2019-10-14 00:08:02', 'No managers found for 5A WARD STORE', 'cron_job'),
(203, '2019-10-14 00:08:02', 'No managers found for BIO-MEDICAL STORE', 'cron_job'),
(204, '2019-10-14 00:08:02', 'No managers found for BLOOD BANK STORE', 'cron_job'),
(205, '2019-10-14 00:08:02', 'No managers found for CARDIAC PERFUSION STORE', 'cron_job'),
(206, '2019-10-14 00:08:02', 'No managers found for CATH LAB STORE', 'cron_job'),
(207, '2019-10-14 00:08:02', 'No managers found for CCU STORE', 'cron_job'),
(208, '2019-10-14 00:08:02', 'No managers found for CENTRAL CLINIC MALE', 'cron_job'),
(209, '2019-10-14 00:08:02', 'No managers found for CENTRAL CLINIC MALE-PHARMACY', 'cron_job'),
(210, '2019-10-14 00:08:02', 'No managers found for CHEMICAL STORE', 'cron_job'),
(211, '2019-10-14 00:08:02', 'No managers found for CLUSTER A POLYCLINIC STORE', 'cron_job'),
(212, '2019-10-14 00:08:02', 'No managers found for CLUSTER B POLYCLINIC STORE', 'cron_job'),
(213, '2019-10-14 00:08:02', 'No managers found for CLUSTER C POLYCLINIC STORE', 'cron_job'),
(214, '2019-10-14 00:08:02', 'No managers found for CSSD STORE', 'cron_job'),
(215, '2019-10-14 00:08:02', 'No managers found for DAY CARE/ SDCU STORE', 'cron_job'),
(216, '2019-10-14 00:08:02', 'No managers found for DAY PROCEDURE STORE ', 'cron_job'),
(217, '2019-10-14 00:08:02', 'No managers found for DENTAL STORE', 'cron_job'),
(218, '2019-10-14 00:08:02', 'No managers found for DIAGNOSTIC STORE', 'cron_job'),
(219, '2019-10-14 00:08:02', 'No managers found for DIALYSIS STORE', 'cron_job'),
(220, '2019-10-14 00:08:02', 'No managers found for DIETETICS STORE', 'cron_job'),
(221, '2019-10-14 00:08:02', 'No managers found for EMERGENCY STORE', 'cron_job'),
(222, '2019-10-14 00:08:02', 'No managers found for ENDOSCOPY STORE', 'cron_job'),
(223, '2019-10-14 00:08:02', 'No managers found for ENGINEERING STORE', 'cron_job'),
(224, '2019-10-14 00:08:02', 'No managers found for F&B STORE', 'cron_job'),
(225, '2019-10-14 00:08:02', 'No managers found for HDU STORE', 'cron_job'),
(226, '2019-10-14 00:08:02', 'No managers found for HOSPITAL MAIN STORE', 'cron_job'),
(227, '2019-10-14 00:08:02', 'No managers found for HOUSEKEEPING STORE', 'cron_job'),
(228, '2019-10-14 00:08:02', 'No managers found for ICU STORE', 'cron_job'),
(229, '2019-10-14 00:08:02', 'No managers found for IP PHARMACY STORE', 'cron_job'),
(230, '2019-10-14 00:08:02', 'No managers found for LABORATORY STORE', 'cron_job'),
(231, '2019-10-14 00:08:02', 'No managers found for LABOUR ROOM STORE', 'cron_job'),
(232, '2019-10-14 00:08:02', 'No managers found for MAIN STORE', 'cron_job'),
(233, '2019-10-14 00:08:02', 'No managers found for MEDICAL WAREHOUSE', 'cron_job'),
(234, '2019-10-14 00:08:02', 'No managers found for MRI STORE', 'cron_job'),
(235, '2019-10-14 00:08:02', 'No managers found for NICU STORE', 'cron_job'),
(236, '2019-10-14 00:08:02', 'No managers found for ONCOLOGY PHARMACY', 'cron_job'),
(237, '2019-10-14 00:08:02', 'No managers found for ONCOLOGY STORE', 'cron_job'),
(238, '2019-10-14 00:08:02', 'No managers found for OP PHARMACY STORE', 'cron_job'),
(239, '2019-10-14 00:08:02', 'No managers found for OPERATION THEATRE STORE', 'cron_job'),
(240, '2019-10-14 00:08:02', 'No managers found for PHARMACY STORE', 'cron_job'),
(241, '2019-10-14 00:08:02', 'No managers found for RADIOLOGY STORE', 'cron_job'),
(242, '2019-10-14 00:08:02', 'No managers found for REHAB STORE', 'cron_job'),
(243, '2019-10-14 02:14:11', 'Ahmed Shan removed 3 from 1', 'system_log'),
(244, '2019-10-14 12:52:54', 'Email script running', 'cron_job'),
(245, '2019-10-14 14:19:02', 'Ahmed Shan added 3 to 1', 'system_log'),
(246, '2019-10-14 14:19:04', 'Ahmed Shan removed 3 from 1', 'system_log'),
(247, '2019-10-14 14:20:45', 'Ahmed Shan added 3 to 1', 'system_log'),
(248, '2019-10-14 14:20:50', 'Ahmed Shan added 5 to 1', 'system_log'),
(249, '2019-10-14 14:22:10', 'Email script running', 'cron_job'),
(250, '2019-10-14 14:22:11', 'Alert sent to Ahmed Shan', 'system_log'),
(251, '2019-10-14 14:22:11', 'Alert sent to Maahid Mohamed', 'system_log'),
(252, '2019-10-14 14:22:11', 'Alert sent to Aishath Samha', 'system_log'),
(253, '2019-10-14 14:22:11', 'No managers found for 3B WARD STORE', 'cron_job'),
(254, '2019-10-14 14:22:11', 'No managers found for 4A WARD STORE', 'cron_job'),
(255, '2019-10-14 14:22:11', 'No managers found for 4B WARD STORE', 'cron_job'),
(256, '2019-10-14 14:22:11', 'No managers found for 5A WARD STORE', 'cron_job'),
(257, '2019-10-14 14:22:11', 'No managers found for BIO-MEDICAL STORE', 'cron_job'),
(258, '2019-10-14 14:22:11', 'No managers found for BLOOD BANK STORE', 'cron_job'),
(259, '2019-10-14 14:22:11', 'No managers found for CARDIAC PERFUSION STORE', 'cron_job'),
(260, '2019-10-14 14:22:11', 'No managers found for CATH LAB STORE', 'cron_job'),
(261, '2019-10-14 14:22:11', 'No managers found for CCU STORE', 'cron_job'),
(262, '2019-10-14 14:22:11', 'No managers found for CENTRAL CLINIC MALE', 'cron_job'),
(263, '2019-10-14 14:22:11', 'No managers found for CENTRAL CLINIC MALE-PHARMACY', 'cron_job'),
(264, '2019-10-14 14:22:11', 'No managers found for CHEMICAL STORE', 'cron_job'),
(265, '2019-10-14 14:22:11', 'No managers found for CLUSTER A POLYCLINIC STORE', 'cron_job'),
(266, '2019-10-14 14:22:11', 'No managers found for CLUSTER B POLYCLINIC STORE', 'cron_job'),
(267, '2019-10-14 14:22:11', 'No managers found for CLUSTER C POLYCLINIC STORE', 'cron_job'),
(268, '2019-10-14 14:22:11', 'No managers found for CSSD STORE', 'cron_job'),
(269, '2019-10-14 14:22:11', 'No managers found for DAY CARE/ SDCU STORE', 'cron_job'),
(270, '2019-10-14 14:22:11', 'No managers found for DAY PROCEDURE STORE ', 'cron_job'),
(271, '2019-10-14 14:22:11', 'No managers found for DENTAL STORE', 'cron_job'),
(272, '2019-10-14 14:22:11', 'No managers found for DIAGNOSTIC STORE', 'cron_job'),
(273, '2019-10-14 14:22:11', 'No managers found for DIALYSIS STORE', 'cron_job'),
(274, '2019-10-14 14:22:11', 'No managers found for DIETETICS STORE', 'cron_job'),
(275, '2019-10-14 14:22:11', 'No managers found for EMERGENCY STORE', 'cron_job'),
(276, '2019-10-14 14:22:11', 'No managers found for ENDOSCOPY STORE', 'cron_job'),
(277, '2019-10-14 14:22:11', 'No managers found for ENGINEERING STORE', 'cron_job'),
(278, '2019-10-14 14:22:11', 'No managers found for F&B STORE', 'cron_job'),
(279, '2019-10-14 14:22:11', 'No managers found for HDU STORE', 'cron_job'),
(280, '2019-10-14 14:22:11', 'No managers found for HOSPITAL MAIN STORE', 'cron_job'),
(281, '2019-10-14 14:22:11', 'No managers found for HOUSEKEEPING STORE', 'cron_job'),
(282, '2019-10-14 14:22:11', 'No managers found for ICU STORE', 'cron_job'),
(283, '2019-10-14 14:22:11', 'No managers found for IP PHARMACY STORE', 'cron_job'),
(284, '2019-10-14 14:22:11', 'No managers found for LABORATORY STORE', 'cron_job'),
(285, '2019-10-14 14:22:11', 'No managers found for LABOUR ROOM STORE', 'cron_job'),
(286, '2019-10-14 14:22:11', 'No managers found for MAIN STORE', 'cron_job'),
(287, '2019-10-14 14:22:11', 'No managers found for MEDICAL WAREHOUSE', 'cron_job'),
(288, '2019-10-14 14:22:11', 'No managers found for MRI STORE', 'cron_job'),
(289, '2019-10-14 14:22:11', 'No managers found for NICU STORE', 'cron_job'),
(290, '2019-10-14 14:22:11', 'No managers found for ONCOLOGY PHARMACY', 'cron_job'),
(291, '2019-10-14 14:22:11', 'No managers found for ONCOLOGY STORE', 'cron_job'),
(292, '2019-10-14 14:22:11', 'No managers found for OP PHARMACY STORE', 'cron_job'),
(293, '2019-10-14 14:22:11', 'No managers found for OPERATION THEATRE STORE', 'cron_job'),
(294, '2019-10-14 14:22:11', 'No managers found for PHARMACY STORE', 'cron_job'),
(295, '2019-10-14 14:22:11', 'No managers found for RADIOLOGY STORE', 'cron_job'),
(296, '2019-10-14 14:22:11', 'No managers found for REHAB STORE', 'cron_job'),
(297, '2019-10-14 14:27:27', 'Ahmed Shan removed 5 from 1', 'system_log'),
(298, '2019-10-14 14:27:28', 'Ahmed Shan removed 3 from 1', 'system_log'),
(299, '2019-10-14 14:27:30', 'Ahmed Shan removed 1 from 1', 'system_log'),
(300, '2019-10-14 14:28:52', 'Ahmed Shan added 1 to 1', 'system_log'),
(301, '2019-10-14 14:28:53', 'Ahmed Shan added 4 to 1', 'system_log'),
(302, '2019-10-14 14:28:55', 'Ahmed Shan added 5 to 1', 'system_log'),
(303, '2019-10-14 14:35:01', 'Email script running', 'cron_job'),
(304, '2019-10-14 14:35:02', 'Alert sent to Ahmed Shan', 'system_log'),
(305, '2019-10-14 14:35:02', 'Alert sent to Ahsan', 'system_log'),
(306, '2019-10-14 14:35:02', 'Alert sent to Aishath Samha', 'system_log'),
(307, '2019-10-14 14:35:02', 'No managers found for 3B WARD STORE', 'cron_job'),
(308, '2019-10-14 14:35:02', 'No managers found for 4A WARD STORE', 'cron_job'),
(309, '2019-10-14 14:35:02', 'No managers found for 4B WARD STORE', 'cron_job'),
(310, '2019-10-14 14:35:02', 'No managers found for 5A WARD STORE', 'cron_job'),
(311, '2019-10-14 14:35:02', 'No managers found for BIO-MEDICAL STORE', 'cron_job'),
(312, '2019-10-14 14:35:02', 'No managers found for BLOOD BANK STORE', 'cron_job'),
(313, '2019-10-14 14:35:02', 'No managers found for CARDIAC PERFUSION STORE', 'cron_job'),
(314, '2019-10-14 14:35:02', 'No managers found for CATH LAB STORE', 'cron_job'),
(315, '2019-10-14 14:35:02', 'No managers found for CCU STORE', 'cron_job'),
(316, '2019-10-14 14:35:02', 'No managers found for CENTRAL CLINIC MALE', 'cron_job'),
(317, '2019-10-14 14:35:02', 'No managers found for CENTRAL CLINIC MALE-PHARMACY', 'cron_job'),
(318, '2019-10-14 14:35:02', 'No managers found for CHEMICAL STORE', 'cron_job'),
(319, '2019-10-14 14:35:02', 'No managers found for CLUSTER A POLYCLINIC STORE', 'cron_job'),
(320, '2019-10-14 14:35:02', 'No managers found for CLUSTER B POLYCLINIC STORE', 'cron_job'),
(321, '2019-10-14 14:35:02', 'No managers found for CLUSTER C POLYCLINIC STORE', 'cron_job'),
(322, '2019-10-14 14:35:02', 'No managers found for CSSD STORE', 'cron_job'),
(323, '2019-10-14 14:35:02', 'No managers found for DAY CARE/ SDCU STORE', 'cron_job'),
(324, '2019-10-14 14:35:02', 'No managers found for DAY PROCEDURE STORE ', 'cron_job'),
(325, '2019-10-14 14:35:02', 'No managers found for DENTAL STORE', 'cron_job'),
(326, '2019-10-14 14:35:02', 'No managers found for DIAGNOSTIC STORE', 'cron_job'),
(327, '2019-10-14 14:35:02', 'No managers found for DIALYSIS STORE', 'cron_job'),
(328, '2019-10-14 14:35:02', 'No managers found for DIETETICS STORE', 'cron_job'),
(329, '2019-10-14 14:35:02', 'No managers found for EMERGENCY STORE', 'cron_job'),
(330, '2019-10-14 14:35:02', 'No managers found for ENDOSCOPY STORE', 'cron_job'),
(331, '2019-10-14 14:35:02', 'No managers found for ENGINEERING STORE', 'cron_job'),
(332, '2019-10-14 14:35:02', 'No managers found for F&B STORE', 'cron_job'),
(333, '2019-10-14 14:35:02', 'No managers found for HDU STORE', 'cron_job'),
(334, '2019-10-14 14:35:02', 'No managers found for HOSPITAL MAIN STORE', 'cron_job'),
(335, '2019-10-14 14:35:02', 'No managers found for HOUSEKEEPING STORE', 'cron_job'),
(336, '2019-10-14 14:35:02', 'No managers found for ICU STORE', 'cron_job'),
(337, '2019-10-14 14:35:02', 'No managers found for IP PHARMACY STORE', 'cron_job'),
(338, '2019-10-14 14:35:02', 'No managers found for LABORATORY STORE', 'cron_job'),
(339, '2019-10-14 14:35:02', 'No managers found for LABOUR ROOM STORE', 'cron_job'),
(340, '2019-10-14 14:35:02', 'No managers found for MAIN STORE', 'cron_job'),
(341, '2019-10-14 14:35:02', 'No managers found for MEDICAL WAREHOUSE', 'cron_job'),
(342, '2019-10-14 14:35:02', 'No managers found for MRI STORE', 'cron_job'),
(343, '2019-10-14 14:35:02', 'No managers found for NICU STORE', 'cron_job'),
(344, '2019-10-14 14:35:02', 'No managers found for ONCOLOGY PHARMACY', 'cron_job'),
(345, '2019-10-14 14:35:02', 'No managers found for ONCOLOGY STORE', 'cron_job'),
(346, '2019-10-14 14:35:02', 'No managers found for OP PHARMACY STORE', 'cron_job'),
(347, '2019-10-14 14:35:02', 'No managers found for OPERATION THEATRE STORE', 'cron_job'),
(348, '2019-10-14 14:35:02', 'No managers found for PHARMACY STORE', 'cron_job'),
(349, '2019-10-14 14:35:02', 'No managers found for RADIOLOGY STORE', 'cron_job'),
(350, '2019-10-14 14:35:02', 'No managers found for REHAB STORE', 'cron_job'),
(351, '2019-10-14 23:29:59', 'Ahmed Shan added 3 to 1', 'system_log'),
(352, '2019-10-14 23:30:29', 'Ahmed Shan removed 3 from 1', 'system_log'),
(353, '2019-10-14 23:30:30', 'Ahmed Shan removed 5 from 1', 'system_log'),
(354, '2019-10-14 23:30:31', 'Ahmed Shan removed 4 from 1', 'system_log'),
(355, '2019-10-14 23:30:32', 'Ahmed Shan removed 1 from 1', 'system_log'),
(356, '2019-10-15 02:24:17', 'Inventory Script Running', 'cron_job'),
(357, '2019-10-15 02:24:18', '3A WARD STORE items fetched', 'cron_job'),
(358, '2019-10-15 02:24:24', '3B WARD STORE items fetched', 'cron_job'),
(359, '2019-10-15 02:24:29', '4A WARD STORE items fetched', 'cron_job'),
(360, '2019-10-15 02:24:34', '4B WARD STORE items fetched', 'cron_job'),
(361, '2019-10-15 02:24:40', '5A WARD STORE items fetched', 'cron_job'),
(362, '2019-10-15 02:24:45', 'BIO-MEDICAL STORE items fetched', 'cron_job'),
(363, '2019-10-15 02:24:50', 'BLOOD BANK STORE items fetched', 'cron_job'),
(364, '2019-10-15 02:24:55', 'CARDIAC PERFUSION STORE items fetched', 'cron_job'),
(365, '2019-10-15 02:25:00', 'CATH LAB STORE items fetched', 'cron_job'),
(366, '2019-10-15 02:25:06', 'CCU STORE items fetched', 'cron_job'),
(367, '2019-10-15 02:25:11', 'CENTRAL CLINIC MALE items fetched', 'cron_job'),
(368, '2019-10-15 02:25:17', 'CENTRAL CLINIC MALE-PHARMACY items fetched', 'cron_job'),
(369, '2019-10-15 02:25:22', 'CHEMICAL STORE items fetched', 'cron_job'),
(370, '2019-10-15 02:25:27', 'CLUSTER A POLYCLINIC STORE items fetched', 'cron_job'),
(371, '2019-10-15 02:25:33', 'CLUSTER B POLYCLINIC STORE items fetched', 'cron_job'),
(372, '2019-10-15 02:25:38', 'CLUSTER C POLYCLINIC STORE items fetched', 'cron_job'),
(373, '2019-10-15 02:25:43', 'CSSD STORE items fetched', 'cron_job'),
(374, '2019-10-15 02:25:48', 'DAY CARE/ SDCU STORE items fetched', 'cron_job'),
(375, '2019-10-15 02:25:54', 'DAY PROCEDURE STORE  items fetched', 'cron_job'),
(376, '2019-10-15 02:26:00', 'DENTAL STORE items fetched', 'cron_job'),
(377, '2019-10-15 02:26:05', 'DIAGNOSTIC STORE items fetched', 'cron_job'),
(378, '2019-10-15 02:26:10', 'DIALYSIS STORE items fetched', 'cron_job'),
(379, '2019-10-15 02:26:15', 'DIETETICS STORE items fetched', 'cron_job'),
(380, '2019-10-15 02:26:21', 'EMERGENCY STORE items fetched', 'cron_job'),
(381, '2019-10-15 02:26:26', 'ENDOSCOPY STORE items fetched', 'cron_job'),
(382, '2019-10-15 02:26:31', 'ENGINEERING STORE items fetched', 'cron_job'),
(383, '2019-10-15 02:26:36', 'F&B STORE items fetched', 'cron_job'),
(384, '2019-10-15 02:26:42', 'HDU STORE items fetched', 'cron_job'),
(385, '2019-10-15 02:26:47', 'HOSPITAL MAIN STORE items fetched', 'cron_job'),
(386, '2019-10-15 02:26:52', 'HOUSEKEEPING STORE items fetched', 'cron_job'),
(387, '2019-10-15 02:26:58', 'ICU STORE items fetched', 'cron_job'),
(388, '2019-10-15 02:27:03', 'IP PHARMACY STORE items fetched', 'cron_job'),
(389, '2019-10-15 02:27:09', 'LABORATORY STORE items fetched', 'cron_job'),
(390, '2019-10-15 02:27:14', 'LABOUR ROOM STORE items fetched', 'cron_job'),
(391, '2019-10-15 02:27:24', 'MAIN STORE items fetched', 'cron_job'),
(392, '2019-10-15 02:27:29', 'MEDICAL WAREHOUSE items fetched', 'cron_job'),
(393, '2019-10-15 02:27:34', 'MRI STORE items fetched', 'cron_job'),
(394, '2019-10-15 02:27:39', 'NICU STORE items fetched', 'cron_job'),
(395, '2019-10-15 02:27:45', 'ONCOLOGY PHARMACY items fetched', 'cron_job'),
(396, '2019-10-15 02:27:50', 'ONCOLOGY STORE items fetched', 'cron_job'),
(397, '2019-10-15 02:27:56', 'OP PHARMACY STORE items fetched', 'cron_job'),
(398, '2019-10-15 02:28:01', 'OPERATION THEATRE STORE items fetched', 'cron_job'),
(399, '2019-10-15 02:28:07', 'PHARMACY STORE items fetched', 'cron_job'),
(400, '2019-10-15 02:28:12', 'RADIOLOGY STORE items fetched', 'cron_job'),
(401, '2019-10-15 02:28:17', 'REHAB STORE items fetched', 'cron_job'),
(402, '2019-10-15 02:41:45', 'Ahmed Shan added 1 to 1', 'system_log'),
(403, '2019-10-15 02:41:45', 'Ahmed Shan removed 1 from 1', 'system_log'),
(404, '2019-10-16 20:40:06', 'Inventory Script Running', 'cron_job'),
(405, '2019-10-16 20:40:07', '3A WARD STORE items fetched\n', 'cron_job'),
(406, '2019-10-16 20:40:12', '3B WARD STORE items fetched\n', 'cron_job'),
(407, '2019-10-16 20:40:17', '4A WARD STORE items fetched\n', 'cron_job'),
(408, '2019-10-16 20:40:22', '4B WARD STORE items fetched\n', 'cron_job'),
(409, '2019-10-16 20:40:28', '5A WARD STORE items fetched\n', 'cron_job'),
(410, '2019-10-16 20:40:33', 'BIO-MEDICAL STORE items fetched\n', 'cron_job'),
(411, '2019-10-16 20:40:38', 'BLOOD BANK STORE items fetched\n', 'cron_job'),
(412, '2019-10-16 20:40:43', 'CARDIAC PERFUSION STORE items fetched\n', 'cron_job'),
(413, '2019-10-16 20:40:48', 'CATH LAB STORE items fetched\n', 'cron_job'),
(414, '2019-10-16 20:40:54', 'CCU STORE items fetched\n', 'cron_job'),
(415, '2019-10-16 20:40:59', 'CENTRAL CLINIC MALE items fetched\n', 'cron_job'),
(416, '2019-10-16 20:41:04', 'CENTRAL CLINIC MALE-PHARMACY items fetched\n', 'cron_job'),
(417, '2019-10-16 20:41:09', 'CHEMICAL STORE items fetched\n', 'cron_job'),
(418, '2019-10-16 20:41:14', 'CLUSTER A POLYCLINIC STORE items fetched\n', 'cron_job'),
(419, '2019-10-16 20:41:19', 'CLUSTER B POLYCLINIC STORE items fetched\n', 'cron_job'),
(420, '2019-10-16 20:41:24', 'CLUSTER C POLYCLINIC STORE items fetched\n', 'cron_job'),
(421, '2019-10-16 20:41:29', 'CSSD STORE items fetched\n', 'cron_job'),
(422, '2019-10-16 20:41:34', 'DAY CARE/ SDCU STORE items fetched\n', 'cron_job'),
(423, '2019-10-16 20:41:40', 'DAY PROCEDURE STORE  items fetched\n', 'cron_job'),
(424, '2019-10-16 20:41:45', 'DENTAL STORE items fetched\n', 'cron_job'),
(425, '2019-10-16 20:41:50', 'DIAGNOSTIC STORE items fetched\n', 'cron_job'),
(426, '2019-10-16 20:41:55', 'DIALYSIS STORE items fetched\n', 'cron_job'),
(427, '2019-10-16 20:42:00', 'DIETETICS STORE items fetched\n', 'cron_job'),
(428, '2019-10-16 20:42:05', 'EMERGENCY STORE items fetched\n', 'cron_job'),
(429, '2019-10-16 20:42:10', 'ENDOSCOPY STORE items fetched\n', 'cron_job'),
(430, '2019-10-16 20:42:15', 'ENGINEERING STORE items fetched\n', 'cron_job'),
(431, '2019-10-16 20:42:20', 'F&B STORE items fetched\n', 'cron_job'),
(432, '2019-10-16 20:42:26', 'HDU STORE items fetched\n', 'cron_job'),
(433, '2019-10-16 20:42:31', 'HOSPITAL MAIN STORE items fetched\n', 'cron_job'),
(434, '2019-10-16 20:42:36', 'HOUSEKEEPING STORE items fetched\n', 'cron_job'),
(435, '2019-10-16 20:42:41', 'ICU STORE items fetched\n', 'cron_job'),
(436, '2019-10-16 20:42:46', 'IP PHARMACY STORE items fetched\n', 'cron_job'),
(437, '2019-10-16 20:42:52', 'LABORATORY STORE items fetched\n', 'cron_job'),
(438, '2019-10-16 20:42:57', 'LABOUR ROOM STORE items fetched\n', 'cron_job'),
(439, '2019-10-16 20:43:05', 'MAIN STORE items fetched\n', 'cron_job'),
(440, '2019-10-16 20:43:10', 'MEDICAL WAREHOUSE items fetched\n', 'cron_job'),
(441, '2019-10-16 20:43:15', 'MRI STORE items fetched\n', 'cron_job'),
(442, '2019-10-16 20:43:20', 'NICU STORE items fetched\n', 'cron_job'),
(443, '2019-10-16 20:43:25', 'ONCOLOGY PHARMACY items fetched\n', 'cron_job'),
(444, '2019-10-16 20:43:30', 'ONCOLOGY STORE items fetched\n', 'cron_job'),
(445, '2019-10-16 20:43:36', 'OP PHARMACY STORE items fetched\n', 'cron_job'),
(446, '2019-10-16 20:43:41', 'OPERATION THEATRE STORE items fetched\n', 'cron_job'),
(447, '2019-10-16 20:43:46', 'PHARMACY STORE items fetched\n', 'cron_job'),
(448, '2019-10-16 20:43:51', 'RADIOLOGY STORE items fetched\n', 'cron_job'),
(449, '2019-10-16 20:43:57', 'REHAB STORE items fetched\n', 'cron_job'),
(450, '2019-10-20 01:32:51', 'Ahmed Shan removed 1 from 2', 'system_log'),
(451, '2019-10-20 02:03:40', 'Ahmed Shan added 1 to 1', 'system_log'),
(452, '2019-10-20 02:08:23', 'Ahmed Shan added 1 to 2', 'system_log'),
(453, '2019-10-20 02:39:58', 'Ahmed Shan alert set for 1 to 2', 'system_log'),
(454, '2019-10-20 02:40:05', 'Ahmed Shan alert unset for 1 to 1', 'system_log'),
(455, '2019-10-20 02:40:06', 'Ahmed Shan alert unset for 1 to 2', 'system_log'),
(456, '2019-10-20 02:41:49', 'Ahmed Shan removed 1 from 2', 'system_log'),
(457, '2019-10-20 02:41:50', 'Ahmed Shan removed 1 from 1', 'system_log'),
(458, '2019-10-20 02:42:00', 'Ahmed Shan added 1 to 1', 'system_log'),
(459, '2019-10-20 02:42:01', 'Ahmed Shan alert set for 1 to 2', 'system_log'),
(460, '2019-10-20 02:42:02', 'Ahmed Shan added 1 to 3', 'system_log'),
(461, '2019-11-23 23:23:16', 'Get store script running', 'cron_job'),
(462, '2019-11-23 23:23:17', '3A_ST already exists', 'cron_job'),
(463, '2019-11-23 23:23:17', '3B_ST already exists', 'cron_job'),
(464, '2019-11-23 23:23:17', '4A_ST already exists', 'cron_job'),
(465, '2019-11-23 23:23:17', '4B_ST already exists', 'cron_job'),
(466, '2019-11-23 23:23:17', '5A_ST already exists', 'cron_job'),
(467, '2019-11-23 23:23:17', 'BIOMED_ST already exists', 'cron_job'),
(468, '2019-11-23 23:23:17', 'BLOOD_B_ST already exists', 'cron_job'),
(469, '2019-11-23 23:23:17', 'CP_ST already exists', 'cron_job'),
(470, '2019-11-23 23:23:17', 'CATH_ST already exists', 'cron_job'),
(471, '2019-11-23 23:23:17', 'CCU_ST already exists', 'cron_job'),
(472, '2019-11-23 23:23:17', 'CENTRAL_CLINIC already exists', 'cron_job'),
(473, '2019-11-23 23:23:17', 'CENTRAL_CLINIC_PHAR already exists', 'cron_job'),
(474, '2019-11-23 23:23:17', 'CHEM_ST already exists', 'cron_job'),
(475, '2019-11-23 23:23:17', 'CL_A_POLY already exists', 'cron_job'),
(476, '2019-11-23 23:23:17', 'CL_B_POLY already exists', 'cron_job'),
(477, '2019-11-23 23:23:17', 'CL_C_POLY already exists', 'cron_job'),
(478, '2019-11-23 23:23:17', 'CSSD_ST already exists', 'cron_job'),
(479, '2019-11-23 23:23:17', 'NICU_HDU_ST already exists', 'cron_job'),
(480, '2019-11-23 23:23:17', 'DC_ST already exists', 'cron_job'),
(481, '2019-11-23 23:23:17', 'DENTAL_ST already exists', 'cron_job'),
(482, '2019-11-23 23:23:17', 'DIAGNOSTIC_ST already exists', 'cron_job'),
(483, '2019-11-23 23:23:17', 'DIALYSIS_ST already exists', 'cron_job'),
(484, '2019-11-23 23:23:17', 'DIET_ST already exists', 'cron_job'),
(485, '2019-11-23 23:23:17', 'EMR_ST already exists', 'cron_job'),
(486, '2019-11-23 23:23:17', 'ENDO_ST already exists', 'cron_job'),
(487, '2019-11-23 23:23:17', 'ENG_ST already exists', 'cron_job'),
(488, '2019-11-23 23:23:17', 'OFF_ST already exists', 'cron_job'),
(489, '2019-11-23 23:23:17', 'HDU_ST already exists', 'cron_job'),
(490, '2019-11-23 23:23:17', 'MAIN2_ST already exists', 'cron_job'),
(491, '2019-11-23 23:23:17', 'SEV_ST already exists', 'cron_job'),
(492, '2019-11-23 23:23:17', 'ICU_ST already exists', 'cron_job'),
(493, '2019-11-23 23:23:17', 'IP_PH already exists', 'cron_job'),
(494, '2019-11-23 23:23:17', 'LAB_ST already exists', 'cron_job'),
(495, '2019-11-23 23:23:17', 'LABOUR_ST already exists', 'cron_job'),
(496, '2019-11-23 23:23:17', 'MAIN_ST already exists', 'cron_job'),
(497, '2019-11-23 23:23:17', 'ECHO_ST already exists', 'cron_job'),
(498, '2019-11-23 23:23:17', 'MRI_ST already exists', 'cron_job'),
(499, '2019-11-23 23:23:17', 'NICU_ST already exists', 'cron_job'),
(500, '2019-11-23 23:23:17', 'RET_PH_ST already exists', 'cron_job'),
(501, '2019-11-23 23:23:17', 'ONCO_ST already exists', 'cron_job'),
(502, '2019-11-23 23:23:17', 'OP_PH already exists', 'cron_job'),
(503, '2019-11-23 23:23:17', 'OT_ST already exists', 'cron_job'),
(504, '2019-11-23 23:23:17', 'PH_ST already exists', 'cron_job'),
(505, '2019-11-23 23:23:17', 'RAD_ST already exists', 'cron_job'),
(506, '2019-11-23 23:23:17', 'REHAB_ST already exists', 'cron_job'),
(507, '2019-11-23 23:30:31', 'Main Store Inventory Script Running', 'cron_job'),
(508, '2019-11-23 23:30:32', 'HOSPITAL MAIN STORE items fetched\n', 'cron_job'),
(509, '2019-11-23 23:42:00', 'Ahmed Shan removed 1 from 1', 'system_log'),
(510, '2019-11-23 23:42:01', 'Ahmed Shan removed 1 from 3', 'system_log'),
(511, '2019-11-23 23:42:12', 'Ahmed Shan added 1 to 29', 'system_log'),
(512, '2019-11-23 23:42:16', 'Ahmed Shan alert set for 1 to 29', 'system_log'),
(513, '2019-12-11 01:04:54', 'Main Store Inventory Running', 'cron_job'),
(514, '2019-12-11 01:06:07', 'Main Store Inventory Running', 'cron_job'),
(515, '2019-12-11 01:06:14', 'MAIN STORE items fetched\n', 'cron_job'),
(516, '2019-12-11 01:20:09', 'Main Store Inventory Running', 'cron_job'),
(517, '2019-12-11 01:20:25', 'MAIN STORE items fetched\n', 'cron_job'),
(518, '2019-12-11 01:21:51', 'Main Store Inventory Running', 'cron_job'),
(519, '2019-12-11 01:22:16', 'Main Store Inventory Running', 'cron_job'),
(520, '2019-12-11 01:22:30', 'MAIN STORE items fetched\n', 'cron_job'),
(521, '2019-12-11 17:47:04', 'Main Store Inventory Running', 'cron_job'),
(522, '2019-12-11 17:47:07', 'MAIN STORE items fetched', 'cron_job'),
(523, '2019-12-11 17:51:24', 'Main Store Inventory Running', 'cron_job'),
(524, '2019-12-11 17:51:28', 'MAIN STORE items fetched', 'cron_job'),
(525, '2019-12-11 17:58:55', 'Main Store Inventory Running', 'cron_job'),
(526, '2019-12-11 17:58:58', 'MAIN STORE items fetched', 'cron_job'),
(527, '2019-12-11 17:59:38', 'Main Store Inventory Running', 'cron_job'),
(528, '2019-12-11 17:59:41', 'MAIN STORE items fetched', 'cron_job'),
(529, '2019-12-11 18:01:09', 'Main Store Inventory Running', 'cron_job'),
(530, '2019-12-11 18:01:13', 'MAIN STORE items fetched', 'cron_job'),
(531, '2019-12-11 18:02:34', 'Main Store Inventory Running', 'cron_job'),
(532, '2019-12-11 18:02:37', 'MAIN STORE items fetched', 'cron_job'),
(533, '2019-12-12 00:37:06', 'Main Store Inventory Running', 'cron_job'),
(534, '2019-12-12 00:37:06', 'Report schema connection error. ', 'cron_job'),
(535, '2019-12-12 00:38:37', 'Main Store Inventory Running', 'cron_job'),
(536, '2019-12-12 00:38:45', 'MAIN STORE items fetched', 'cron_job'),
(537, '2019-12-12 00:42:06', 'Main Store Inventory Running', 'cron_job'),
(538, '2019-12-12 00:42:12', 'MAIN STORE items fetched', 'cron_job'),
(539, '2020-01-14 21:48:37', 'Main Store Inventory Running', 'cron_job'),
(540, '2020-01-14 21:48:38', 'Items fetched', 'cron_job'),
(541, '2020-01-14 21:49:52', 'Main Store Inventory Running', 'cron_job'),
(542, '2020-01-14 21:49:53', 'Items fetched', 'cron_job'),
(543, '2020-01-14 22:02:12', 'Main Store Inventory Running', 'cron_job'),
(544, '2020-01-14 22:02:14', 'Items fetched', 'cron_job'),
(545, '2020-01-14 22:02:33', 'Main Store Inventory Running', 'cron_job'),
(546, '2020-01-14 22:02:33', 'Items fetched', 'cron_job'),
(547, '2020-01-14 22:05:29', 'Main Store Inventory Running', 'cron_job'),
(548, '2020-01-14 22:06:57', 'Items fetched', 'cron_job'),
(549, '2020-01-14 22:08:47', 'Main Store Inventory Running', 'cron_job'),
(550, '2020-01-14 22:09:54', 'Items fetched', 'cron_job'),
(551, '2020-01-14 22:16:42', 'Main Store Inventory Running', 'cron_job'),
(552, '2020-01-14 22:16:43', 'Items fetched', 'cron_job'),
(553, '2020-01-14 22:17:13', 'Main Store Inventory Running', 'cron_job'),
(554, '2020-01-14 22:17:14', 'Items fetched', 'cron_job'),
(555, '2020-01-14 22:17:14', 'No items found', 'cron_job'),
(556, '2020-01-14 22:17:15', 'Send Alerts: No items found', 'cron_job'),
(557, '2020-01-14 22:18:00', 'Main Store Inventory Running', 'cron_job'),
(558, '2020-01-14 22:18:11', 'Items fetched', 'cron_job'),
(559, '2020-01-14 22:26:05', 'Main Store Inventory Running', 'cron_job'),
(560, '2020-01-14 22:26:06', 'Items fetched', 'cron_job'),
(561, '2020-01-14 22:26:07', 'Send Alerts: No items found', 'cron_job'),
(562, '2020-01-14 22:28:42', 'Main Store Inventory Running', 'cron_job'),
(563, '2020-01-14 22:29:32', 'Items fetched', 'cron_job'),
(564, '2020-01-14 22:34:18', 'Main Store Inventory Running', 'cron_job'),
(565, '2020-01-14 22:34:50', 'Items fetched', 'cron_job'),
(566, '2020-01-14 22:35:43', 'Main Store Inventory Running', 'cron_job'),
(567, '2020-01-14 22:36:56', 'Main Store Inventory Running', 'cron_job'),
(568, '2020-01-14 22:37:26', 'Items fetched', 'cron_job'),
(569, '2020-01-28 11:26:41', 'Get store script running', 'cron_job'),
(570, '2020-01-28 11:26:42', '3A_ST already exists', 'cron_job'),
(571, '2020-01-28 11:26:42', '3B_ST already exists', 'cron_job'),
(572, '2020-01-28 11:26:42', '4A_ST already exists', 'cron_job'),
(573, '2020-01-28 11:26:42', '4B_ST already exists', 'cron_job'),
(574, '2020-01-28 11:26:42', '5A_ST already exists', 'cron_job'),
(575, '2020-01-28 11:26:42', 'BIOMED_ST already exists', 'cron_job'),
(576, '2020-01-28 11:26:42', 'CP_ST already exists', 'cron_job'),
(577, '2020-01-28 11:26:42', 'CATH_ST already exists', 'cron_job'),
(578, '2020-01-28 11:26:42', 'CCU_ST already exists', 'cron_job'),
(579, '2020-01-28 11:26:42', 'CENTRAL_CLINIC already exists', 'cron_job'),
(580, '2020-01-28 11:26:42', 'CENTRAL_CLINIC_PHAR already exists', 'cron_job'),
(581, '2020-01-28 11:26:42', 'CHEM_ST already exists', 'cron_job'),
(582, '2020-01-28 11:26:42', 'CL_A_POLY already exists', 'cron_job'),
(583, '2020-01-28 11:26:42', 'CL_B_POLY already exists', 'cron_job'),
(584, '2020-01-28 11:26:42', 'CL_C_POLY already exists', 'cron_job'),
(585, '2020-01-28 11:26:42', 'CSSD_ST already exists', 'cron_job'),
(586, '2020-01-28 11:26:42', 'NICU_HDU_ST already exists', 'cron_job'),
(587, '2020-01-28 11:26:42', 'DC_ST already exists', 'cron_job'),
(588, '2020-01-28 11:26:42', 'DENTAL_ST already exists', 'cron_job'),
(589, '2020-01-28 11:26:42', 'DIAGNOSTIC_ST already exists', 'cron_job'),
(590, '2020-01-28 11:26:42', 'DIALYSIS_ST already exists', 'cron_job'),
(591, '2020-01-28 11:26:42', 'DIET_ST already exists', 'cron_job'),
(592, '2020-01-28 11:26:42', 'EMR_ST already exists', 'cron_job'),
(593, '2020-01-28 11:26:42', 'ENDO_ST already exists', 'cron_job'),
(594, '2020-01-28 11:26:42', 'ENG_ST already exists', 'cron_job'),
(595, '2020-01-28 11:26:42', 'OFF_ST already exists', 'cron_job'),
(596, '2020-01-28 11:26:42', 'HDU_ST already exists', 'cron_job'),
(597, '2020-01-28 11:26:42', 'MAIN2_ST already exists', 'cron_job'),
(598, '2020-01-28 11:26:42', 'SEV_ST already exists', 'cron_job'),
(599, '2020-01-28 11:26:42', 'ICU_ST already exists', 'cron_job'),
(600, '2020-01-28 11:26:42', 'IP_PH already exists', 'cron_job'),
(601, '2020-01-28 11:26:42', 'LAB_ST already exists', 'cron_job'),
(602, '2020-01-28 11:26:42', 'LABOUR_ST already exists', 'cron_job'),
(603, '2020-01-28 11:26:42', 'MAIN_ST already exists', 'cron_job'),
(604, '2020-01-28 11:26:42', 'ECHO_ST already exists', 'cron_job'),
(605, '2020-01-28 11:26:42', 'NICU_ST already exists', 'cron_job'),
(606, '2020-01-28 11:26:42', 'RET_PH_ST already exists', 'cron_job'),
(607, '2020-01-28 11:26:42', 'ONCO_ST already exists', 'cron_job'),
(608, '2020-01-28 11:26:42', 'OP_PH already exists', 'cron_job'),
(609, '2020-01-28 11:26:42', 'OT_ST already exists', 'cron_job'),
(610, '2020-01-28 11:26:42', 'PH_ST already exists', 'cron_job'),
(611, '2020-01-28 11:26:42', 'RAD_ST already exists', 'cron_job'),
(612, '2020-01-28 11:26:42', 'REHAB_ST already exists', 'cron_job'),
(613, '2020-01-28 11:26:42', 'MRI_ST already exists', 'cron_job'),
(614, '2020-01-28 11:26:42', 'BLOOD_B_ST already exists', 'cron_job'),
(615, '2020-01-28 11:33:08', 'Main Store Inventory Running', 'cron_job'),
(616, '2020-01-28 11:33:37', 'Items fetched', 'cron_job'),
(617, '2020-02-01 21:48:23', 'Main Store Inventory Running', 'cron_job'),
(618, '2020-02-01 21:49:09', 'Items fetched', 'cron_job'),
(619, '2020-02-01 21:58:06', 'Main Store Inventory Running', 'cron_job'),
(620, '2020-02-01 21:58:44', 'Items fetched', 'cron_job'),
(621, '2020-02-02 00:53:59', 'Main Store Inventory Running', 'cron_job'),
(622, '2020-02-02 00:55:58', 'Items fetched', 'cron_job'),
(623, '2020-02-02 01:05:27', 'Main Store Inventory Running', 'cron_job'),
(624, '2020-02-02 01:05:28', 'Items fetched', 'cron_job'),
(625, '2020-02-02 01:07:49', 'Main Store Inventory Running', 'cron_job'),
(626, '2020-02-02 01:07:50', 'Items fetched', 'cron_job'),
(627, '2020-02-02 01:07:59', 'CSV File 20200202010759.csv created', 'cron_job'),
(628, '2020-02-02 01:08:01', 'Email sent to ahmed.shan@treetophospital.com\n', 'cron_job'),
(629, '2020-02-02 01:16:09', 'Main Store Inventory Running', 'cron_job'),
(630, '2020-02-02 01:16:43', 'Main Store Inventory Running', 'cron_job'),
(631, '2020-02-02 01:16:43', 'Items fetched', 'cron_job'),
(632, '2020-02-02 01:17:41', 'Main Store Inventory Running', 'cron_job'),
(633, '2020-02-02 01:17:42', 'Items fetched', 'cron_job'),
(634, '2020-02-02 01:18:32', 'Main Store Inventory Running', 'cron_job'),
(635, '2020-02-02 01:18:33', 'Items fetched', 'cron_job'),
(636, '2020-02-02 01:19:18', 'Main Store Inventory Running', 'cron_job'),
(637, '2020-02-02 01:19:19', 'Items fetched', 'cron_job'),
(638, '2020-02-02 01:20:50', 'Main Store Inventory Running', 'cron_job'),
(639, '2020-02-02 01:21:21', 'Items fetched', 'cron_job'),
(640, '2020-02-02 01:22:25', 'Main Store Inventory Running', 'cron_job'),
(641, '2020-02-02 01:22:26', 'Items fetched', 'cron_job'),
(642, '2020-02-02 01:22:50', 'Main Store Inventory Running', 'cron_job'),
(643, '2020-02-02 01:22:51', 'Items fetched', 'cron_job'),
(644, '2020-02-02 01:24:27', 'Main Store Inventory Running', 'cron_job'),
(645, '2020-02-02 01:24:29', 'Items fetched', 'cron_job'),
(646, '2020-02-02 01:36:34', 'Main Store Inventory Running', 'cron_job'),
(647, '2020-02-02 01:36:35', 'Items fetched', 'cron_job'),
(648, '2020-02-02 01:37:28', 'Main Store Inventory Running', 'cron_job'),
(649, '2020-02-02 01:37:59', 'Items fetched', 'cron_job');

-- --------------------------------------------------------

--
-- Table structure for table `notifications`
--

CREATE TABLE `notifications` (
  `ID` int(11) NOT NULL,
  `message` varchar(1000) COLLATE utf8_unicode_ci NOT NULL,
  `type` varchar(20) COLLATE utf8_unicode_ci NOT NULL,
  `sent_by` varchar(20) COLLATE utf8_unicode_ci NOT NULL,
  `style` varchar(20) COLLATE utf8_unicode_ci NOT NULL,
  `sent_dt` datetime NOT NULL
) ENGINE=InnoDB DEFAULT CHARSET=utf8 COLLATE=utf8_unicode_ci;

--
-- Dumping data for table `notifications`
--

INSERT INTO `notifications` (`ID`, `message`, `type`, `sent_by`, `style`, `sent_dt`) VALUES
(1, 'New application by ahmed shan', 'global', 'system', 'default', '2019-08-23 22:20:07');

-- --------------------------------------------------------

--
-- Table structure for table `notification_reader`
--

CREATE TABLE `notification_reader` (
  `msg_id` int(11) NOT NULL,
  `user_id` int(11) NOT NULL,
  `read_dt` datetime NOT NULL
) ENGINE=InnoDB DEFAULT CHARSET=utf8 COLLATE=utf8_unicode_ci;

-- --------------------------------------------------------

--
-- Table structure for table `recipients`
--

CREATE TABLE `recipients` (
  `ID` int(11) UNSIGNED NOT NULL,
  `full_name` varchar(45) COLLATE utf8_unicode_ci DEFAULT NULL,
  `email` varchar(255) COLLATE utf8_unicode_ci DEFAULT NULL,
  `status` varchar(45) COLLATE utf8_unicode_ci DEFAULT NULL
) ENGINE=InnoDB DEFAULT CHARSET=utf8 COLLATE=utf8_unicode_ci;

--
-- Dumping data for table `recipients`
--

INSERT INTO `recipients` (`ID`, `full_name`, `email`, `status`) VALUES
(1, 'Ahmed Shan', 'ahmed.shan@treetophospital.com', 'active'),
(2, 'Ahmed Shan', 'ahmed@shan.mv', 'inactive'),
(3, 'Maahid Mohamed', 'maahid.mohamed@treetophospital.com', 'active');

-- --------------------------------------------------------

--
-- Table structure for table `region_atolls`
--

CREATE TABLE `region_atolls` (
  `ID` int(11) UNSIGNED NOT NULL,
  `atoll_init` varchar(20) COLLATE utf8_unicode_ci DEFAULT NULL,
  `atoll_name` varchar(45) COLLATE utf8_unicode_ci DEFAULT NULL,
  `atoll_official_name` varchar(45) COLLATE utf8_unicode_ci DEFAULT NULL
) ENGINE=InnoDB DEFAULT CHARSET=utf8 COLLATE=utf8_unicode_ci;

--
-- Dumping data for table `region_atolls`
--

INSERT INTO `region_atolls` (`ID`, `atoll_init`, `atoll_name`, `atoll_official_name`) VALUES
(1, 'HA', 'Haa Alif', 'Thiladhunmathi Uthuruburi'),
(2, 'HDh', 'Haa Dhaalu', 'Thiladhunmathi Dhekunuburi'),
(3, 'Sh', 'Shaviyani', 'Miladhunmadulu Uthuruburi'),
(4, 'N', 'Noonu', 'Miladhunmadulu Dhekunuburi'),
(5, 'R', 'Raa', 'Maalhosmadulu Uthuruburi'),
(6, 'B', 'Baa', 'Maalhosmadulu Dhekunuburi'),
(7, 'Lh', 'Lhaviyani', 'Faadhippolhu'),
(8, 'K', 'Kaafu', 'Mal Atholhu'),
(9, 'AA', 'Alif Alif', 'Ari Atholhu Uthuruburi'),
(10, 'Adh', 'Alif Dhaal', 'Ari Atholhu Dhekunuburi'),
(11, 'V', 'Vaavu', 'Felidhu Atholhu'),
(12, 'M', 'Meemu', 'Mulak Atholhu'),
(13, 'F', 'Faafu', 'Nilandhe Atholhu Uthuruburi'),
(14, 'Dh', 'Dhaalu', 'Nilandhe Atholhu Dhekunuburi'),
(15, 'Th', 'Thaa', 'Kolhumadulu'),
(16, 'L', 'Laamu', 'Haddhunmathi'),
(17, 'GA', 'Gaafu Alif', 'Huvadhu Atholhu Uthuruburi'),
(18, 'GDh', 'Gaafu Dhaalu', 'Huvadhu Atholhu Dhekunuburi'),
(19, 'Gn', 'Gnaviyani', 'Fuvahmulah'),
(20, 'S', 'Seenu', 'Addu City'),
(21, 'Male\'', 'Male\'', 'Male\' City');

-- --------------------------------------------------------

--
-- Table structure for table `region_islands`
--

CREATE TABLE `region_islands` (
  `ID` int(11) UNSIGNED NOT NULL,
  `atoll_id` int(11) DEFAULT NULL,
  `island_name` varchar(45) COLLATE utf8_unicode_ci DEFAULT NULL,
  `loc_long` decimal(10,8) DEFAULT NULL,
  `loc_lat` decimal(10,8) DEFAULT NULL
) ENGINE=InnoDB DEFAULT CHARSET=utf8 COLLATE=utf8_unicode_ci;

--
-- Dumping data for table `region_islands`
--

INSERT INTO `region_islands` (`ID`, `atoll_id`, `island_name`, `loc_long`, `loc_lat`) VALUES
(1, 1, 'Thuraakunu', '72.89897600', '7.10380600'),
(2, 1, 'Uligan', '72.92509400', '7.08383500'),
(3, 1, 'Berinmadhoo', '72.97113200', '7.04690400'),
(4, 1, 'Hathifushi', '72.83062300', '7.02011000'),
(5, 1, 'Molhadhoo', '72.99646400', '7.01609800'),
(6, 1, 'Hoarafushi', '72.89665300', '6.98187900'),
(7, 1, 'Ihavandhoo', '72.92610300', '6.95314500'),
(8, 1, 'Kelaa', '73.21546000', '6.95184500'),
(9, 1, 'Vashafaru', '73.16414800', '6.89866300'),
(10, 1, 'Dhidhdhoo', '73.11404600', '6.88712000'),
(11, 1, 'Filladhoo', '73.23526900', '6.89707200'),
(12, 1, 'Maarandhoo', '72.98440600', '6.85240000'),
(13, 1, 'Thakandhoo', '72.99558400', '6.84446900'),
(14, 1, 'Utheemu', '73.11227000', '6.83502700'),
(15, 1, 'Muraidhoo', '73.16714300', '6.83777400'),
(16, 1, 'Baarah', '73.21315200', '6.81691600'),
(17, 1, 'Maafahi', '73.15404700', '6.82890100'),
(18, 1, 'Alidhoo', '73.15230200', '6.84894300'),
(19, 1, 'Huvahandhoo', '72.90544300', '6.96149000'),
(20, 1, 'Dhonakulhi', '73.05057600', '6.84422100'),
(21, 1, 'Beenaafushi', '73.13696900', '6.92877800'),
(22, 1, 'Dhapparuhuraa', '73.21136800', '6.91533600'),
(23, 1, 'Dhigufaruhuraa', '72.96905800', '6.92420500'),
(24, 1, 'Gaafushi', '73.05771200', '6.85205900'),
(25, 1, 'Gaamathikulhudhoo', '72.98521800', '7.03875300'),
(26, 1, 'Gallandhoo', '72.98325900', '6.94704100'),
(27, 1, 'Govvaafushi', '72.91923200', '7.01265900'),
(28, 1, 'Innafinolhu', '72.81099700', '7.07479300'),
(29, 1, 'Kudafinolhu', '72.88395500', '6.98934800'),
(30, 1, 'Maafari', '0.00000000', '0.00000000'),
(31, 1, 'Maafinolhu', '72.86227200', '7.00228400'),
(32, 1, 'Madulu', '72.95295700', '7.05487200'),
(33, 1, 'Manafaru', '72.93977700', '6.99708000'),
(34, 1, 'Matheerah', '72.81898100', '7.02767900'),
(35, 1, 'Medhafushi', '72.93428100', '7.01073900'),
(36, 1, 'Mulidhoo', '73.01094300', '6.83602300'),
(37, 1, 'Naridhoo', '73.12659500', '6.89512100'),
(38, 1, 'Ubulifinolhu', '72.90137600', '6.97081300'),
(39, 1, 'Umaraiyfinolhu', '72.85137000', '7.00943300'),
(40, 1, 'Vangaaru', '72.87831200', '7.09317600'),
(41, 1, 'Velifinolhu', '72.87439200', '6.99392600'),
(42, 2, 'Faridhoo', '73.05390500', '6.78496400'),
(43, 2, 'Hondaidhoo', '73.08752800', '6.76990800'),
(44, 2, 'Hanimaadhoo', '73.17779400', '6.76696500'),
(45, 2, 'Finey', '73.05351400', '6.74607400'),
(46, 2, 'Naivaadhoo', '72.93424900', '6.74712100'),
(47, 2, 'Hirimaradhoo', '73.02412600', '6.72491900'),
(48, 2, 'Nolhivaranfaru', '73.12061900', '6.69331300'),
(49, 2, 'Nellaidhoo', '72.94682800', '6.71494000'),
(50, 2, 'Nolhivaram', '73.08240900', '6.66252500'),
(51, 2, 'Kurinbi', '72.99659800', '6.66551300'),
(52, 2, 'Kunburudhoo', '73.02738200', '6.65828600'),
(53, 2, 'Kulhudhuffushi', '73.06945700', '6.62326900'),
(54, 2, 'Kumundhoo', '73.05163900', '6.57108400'),
(55, 2, 'Neykurendhoo', '72.97980700', '6.54290800'),
(56, 2, 'Vaikaradhoo', '72.95286900', '6.54972700'),
(57, 2, 'Maavaidhoo', '73.05378200', '6.51537400'),
(58, 2, 'Makunudhoo', '72.70520100', '6.40914100'),
(59, 2, 'Vaikaramuraidhoo', '72.90073600', '6.54121000'),
(60, 2, 'Theefaridhoo', '73.03325500', '6.74039200'),
(61, 2, 'Dhipparufushi', '72.64066800', '6.31886700'),
(62, 2, 'Fenboahuraa', '72.69427200', '6.39825400'),
(63, 2, 'Hirinaidhoo', '72.94823100', '6.70165600'),
(64, 2, 'Hodaafushi', '73.12059800', '6.77895800'),
(65, 2, 'Innafushi', '72.64546300', '6.40898100'),
(66, 2, 'Kanamana', '72.89934800', '6.70526200'),
(67, 2, 'Kandinmaahuraa', '0.00000000', '0.00000000'),
(68, 2, 'Kattalafushi', '72.98299700', '6.56653400'),
(69, 2, 'Keylakunu', '73.00905000', '6.60284900'),
(70, 2, 'Kudafaru', '73.04449000', '6.06430000'),
(71, 2, 'Kudamuraidhoo', '72.91906000', '6.64277700'),
(72, 2, 'Muiri', '72.93654600', '6.65817500'),
(73, 2, 'Naagoashi', '72.90418200', '6.67022800'),
(74, 2, 'Rahburi', '73.10508500', '6.67856800'),
(75, 2, 'Rasfushi', '72.91952600', '6.71591000'),
(76, 2, 'Ruffushi', '72.93895500', '6.75899100'),
(77, 2, 'Veligandu', '72.93820400', '6.75435900'),
(78, 3, 'Kanditheemu', '72.91569600', '6.44066500'),
(79, 3, 'Noomaraa', '73.06902300', '6.43414600'),
(80, 3, 'Goidhoo', '72.92957700', '6.43007600'),
(81, 3, 'Feydhoo', '73.04871200', '6.36031300'),
(82, 3, 'Feevah', '73.20965800', '6.34889300'),
(83, 3, 'Bilehffahi', '72.97383500', '6.33801800'),
(84, 3, 'Foakaidhoo', '73.14929300', '6.32672900'),
(85, 3, 'Narudhoo', '73.21809900', '6.26432800'),
(86, 3, 'Maakandoodhoo', '73.26747200', '6.23499900'),
(87, 3, 'Maroshi', '73.06109400', '6.20984800'),
(88, 3, 'Lhaimagu', '73.25137200', '6.16383700'),
(89, 3, 'Firubaidhoo', '73.22750100', '6.11432600'),
(90, 3, 'Komandoo', '73.05452900', '6.05514600'),
(91, 3, 'Maaungoodhoo', '73.28459900', '6.03822400'),
(92, 3, 'Funadhoo', '73.29038100', '6.15036900'),
(93, 3, 'Milandhoo', '73.24549900', '6.28825500'),
(94, 3, 'Nilandhoo', '0.00000000', '0.00000000'),
(95, 3, 'Keekimini', '73.11204800', '6.00742600'),
(96, 3, 'Bisalhaahuraa', '73.29248100', '6.15511800'),
(97, 3, 'Boduhuraa', '73.04364200', '6.07170800'),
(98, 3, 'Bolissafaru', '73.11078300', '5.98130400'),
(99, 3, 'Dhigurah', '73.06828400', '6.02979600'),
(100, 3, 'Dhiguvelidhoo', '73.07451500', '6.02523500'),
(101, 3, 'Dholhiyadhoo', '73.21055600', '5.99297100'),
(102, 3, 'Dhonvelihuraa', '73.29890800', '6.18464400'),
(103, 3, 'Dolhiyadhoo Kudarah', '73.22433700', '5.98969500'),
(104, 3, 'Eriadhoo', '73.28946000', '6.10356500'),
(105, 3, 'Eskasdhoo', '73.28450000', '6.07085900'),
(106, 3, 'Farukolhu', '73.29816600', '6.19072100'),
(107, 3, 'Fushifaru', '72.92569200', '6.39555200'),
(108, 3, 'Gaakoshibee', '73.01179600', '6.28709700'),
(109, 3, 'Gallaidhoo', '73.12451800', '5.96915600'),
(110, 3, 'Hahfathigadu', '0.00000000', '0.00000000'),
(111, 3, 'Hirubadhoo', '73.24528500', '6.18794200'),
(112, 3, 'Hurasfaru', '73.03857200', '6.14013400'),
(113, 3, 'Ka\'baalifaru', '73.25471800', '6.12457200'),
(114, 3, 'Kakaaeriadhoo', '72.90221200', '6.47804000'),
(115, 3, 'Kudadhoo', '72.90749900', '6.43590800'),
(116, 3, 'Kudafarufinolhu', '73.04413300', '6.06364400'),
(117, 3, 'Kudafaruhuraa', '73.13264000', '5.95316700'),
(118, 3, 'Kudafunadhoo', '0.00000000', '0.00000000'),
(119, 3, 'Kudalhaimendhoo', '73.29174200', '6.01458500'),
(120, 3, 'Madidhoo', '73.10912900', '6.30222400'),
(121, 3, 'Madikuredhdhoo', '73.15088600', '6.28437500'),
(122, 3, 'Mathikomandoo', '73.04599900', '6.05701600'),
(123, 3, 'Medhukuburudhoo', '73.02995600', '6.19702700'),
(124, 3, 'Medhurah', '73.07905600', '6.02328700'),
(125, 3, 'Migoodhoo', '73.24126900', '6.22872600'),
(126, 3, 'Muleehuraa', '73.05591600', '6.14169800'),
(127, 3, 'Naainfaru', '72.99836200', '6.20297100'),
(128, 3, 'Naalaahuraa', '73.03597000', '6.12790100'),
(129, 3, 'Nalandhoo', '73.23185600', '6.32514800'),
(130, 3, 'Naruribudhoo', '73.19574000', '6.27929200'),
(131, 3, 'Neyo', '73.05964200', '6.45029700'),
(132, 3, 'Vagaru', '73.20456300', '6.08714400'),
(133, 4, 'Henbandhoo', '73.39290800', '5.96741700'),
(134, 4, 'Kendhikolhudhoo', '73.41520000', '5.95230300'),
(135, 4, 'Tholhendhoo', '73.43673000', '5.92131900'),
(136, 4, 'Maalhendhoo', '73.45603900', '5.90250100'),
(137, 4, 'Kudafari', '73.40045100', '5.88263700'),
(138, 4, 'Landhoo', '73.46643500', '5.88174000'),
(139, 4, 'Maafaru', '73.47654200', '5.82404800'),
(140, 4, 'Lhohi', '73.37739900', '5.81579500'),
(141, 4, 'Miladhoo', '73.36231800', '5.79050200'),
(142, 4, 'Magoodhoo', '73.36218200', '5.77629900'),
(143, 4, 'Manadhoo', '73.41097200', '5.76620500'),
(144, 4, 'Holhudhoo', '73.26279400', '5.75495500'),
(145, 4, 'Fodhdhoo', '73.21579100', '5.74351700'),
(146, 4, 'Velidhoo', '73.27423900', '5.66389900'),
(147, 4, 'Aarah', '73.41144900', '5.69869100'),
(148, 4, 'Badaidhidhdhoo', '73.25734100', '5.68491500'),
(149, 4, 'Bodufushi', '73.40880100', '5.69546700'),
(150, 4, 'Bodulhaimendhoo', '73.30272400', '6.00010800'),
(151, 4, 'Bomasdhoo', '73.34604300', '5.97221900'),
(152, 4, 'Burehifasdhoo', '73.36815400', '5.96547000'),
(153, 4, 'Dheefuram', '73.31824100', '5.88762700'),
(154, 4, 'Dhekenanfaru', '73.15666100', '5.92007500'),
(155, 4, 'Dhigurah', '73.35927900', '5.73118400'),
(156, 4, 'Dhonaerikandoodhoo', '73.32940200', '5.64635500'),
(157, 4, 'Edhdhuffaru Mairah', '73.40828100', '5.69492900'),
(158, 4, 'Ekulhivaru', '73.30720000', '5.94993200'),
(159, 4, 'Erruhhuraa', '0.00000000', '0.00000000'),
(160, 4, 'Farumuli', '73.48021600', '5.85775100'),
(161, 4, 'Felivaru', '73.30614400', '5.83577100'),
(162, 4, 'Felivarukudarah', '73.31390200', '5.83283400'),
(163, 4, 'Fohdhipparu', '73.20832800', '5.75312400'),
(164, 4, 'Fushivelavaru', '73.20925900', '5.83094800'),
(165, 4, 'Goabilivaadhoo', '73.38721600', '5.82270200'),
(166, 4, 'Holhumeedhoo', '73.24946300', '5.75129200'),
(167, 4, 'Huivani', '73.31601400', '5.91286900'),
(168, 4, 'Hulhudhdhoo', '73.31872600', '5.81502900'),
(169, 4, 'Huvadhumaavattaru', '73.44508100', '5.84511100'),
(170, 4, 'Inguraidhoo', '73.34444600', '5.79712200'),
(171, 4, 'Kaalhugemendhoo', '73.35379400', '5.78718200'),
(172, 4, 'Kadinmaahuraa', '73.47525600', '5.86473300'),
(173, 4, 'Kafakomandoo', '73.38634000', '5.96221800'),
(174, 4, 'Kalaidhoo', '73.32374200', '5.98354700'),
(175, 4, 'Karinma', '73.37204900', '5.65883400'),
(176, 4, 'Karinmavattaru', '73.38644100', '5.66992900'),
(177, 4, 'Kedhivaru', '73.33616500', '5.85210900'),
(178, 4, 'Kolhufushi', '73.45664900', '5.80717500'),
(179, 4, 'Kudafunafaru', '73.37810000', '5.88429400'),
(180, 4, 'Kudafushi', '73.41440300', '5.71408200'),
(181, 4, 'Kunnumalei', '73.15826900', '5.91662900'),
(182, 4, 'Kuramaadhoo', '73.14388900', '5.87324200'),
(183, 4, 'Kuredhivaru', '73.34305500', '5.87510800'),
(184, 4, 'Loafaru', '73.27578800', '5.78565200'),
(185, 4, 'Maafunafaru', '73.36615400', '5.86105400'),
(186, 4, 'Maakanaafushi', '73.41616400', '5.72775600'),
(187, 4, 'Maakurandhoo', '73.31185200', '5.69657700'),
(188, 4, 'Maavandhoo', '73.32604300', '5.81495400'),
(189, 4, 'Maavelavaru', '73.17101000', '5.80524100'),
(190, 4, 'Medhafushi', '73.32318100', '5.74430800'),
(191, 4, 'Medhufaru', '73.41618100', '5.72778400'),
(192, 4, 'Minaavaru', '73.34379000', '5.76861400'),
(193, 4, 'Orimasvaru', '73.20666200', '5.86314800'),
(194, 4, 'Orivaru', '73.29714800', '5.80205200'),
(195, 4, 'Orivarukudarah', '73.29338800', '5.80108000'),
(196, 4, 'Raafushi', '73.29824300', '5.64778100'),
(197, 4, 'Raalhugadu', '0.00000000', '0.00000000'),
(198, 4, 'Raalhulaakolhu', '73.40466200', '5.68677000'),
(199, 4, 'Randheli', '73.34016200', '5.69164400'),
(200, 4, 'Thaburudhoo', '73.23459100', '5.71638300'),
(201, 4, 'Thaburudhuffushi', '73.24243500', '5.70864600'),
(202, 4, 'Tholhendhoo', '73.43668000', '5.92086400'),
(203, 4, 'Thoshigandukolhu', '73.41342600', '5.73296500'),
(204, 4, 'Vavathi', '73.22718200', '5.79631800'),
(205, 4, 'Vihafaru', '73.27965000', '5.70332000'),
(206, 4, 'Vihafarufinolhu', '73.27863700', '5.68124700'),
(207, 5, 'Alifushi', '72.95303400', '5.96725400'),
(208, 5, 'Vaadhoo', '72.99107300', '5.85538000'),
(209, 5, 'Rasgetheemu', '73.00319800', '5.80778300'),
(210, 5, 'Angolhitheemu', '73.00662000', '5.79276500'),
(211, 5, 'Gaaudoodhoo', '73.01603400', '5.74982100'),
(212, 5, 'Ungoofaaru', '73.03015500', '5.66815700'),
(213, 5, 'Kadholhudhoo', '72.85509600', '5.61873400'),
(214, 5, 'Maakurathu', '73.04315400', '5.60603700'),
(215, 5, 'Rasmaadhoo', '73.04347800', '5.56295900'),
(216, 5, 'Innamaadhoo', '73.04380000', '5.54943700'),
(217, 5, 'Maduvvari', '72.89600600', '5.48626500'),
(218, 5, 'Inguraidhoo', '73.03630300', '5.47687500'),
(219, 5, 'Fainu', '73.03444600', '5.46328100'),
(220, 5, 'Meedhoo', '72.95528300', '5.45802100'),
(221, 5, 'Kinolhas', '73.03050400', '5.44840600'),
(222, 5, 'Hulhudhuffaaru', '73.01261700', '5.76603300'),
(223, 5, 'Ifuru', '73.02407200', '5.70783200'),
(224, 5, 'Meedhupparu', '72.97960000', '5.45594300'),
(225, 5, 'Aarah', '72.94088400', '5.44729600'),
(226, 5, 'Angaagiri', '72.94601500', '5.55679300'),
(227, 5, 'Arilundhoo', '72.95772200', '5.66017500'),
(228, 5, 'Badaveri', '72.85222400', '5.62254300'),
(229, 5, 'Bodufarufinolhu', '72.80641400', '5.52906600'),
(230, 5, 'Bodufenmaaembudhoo', '72.92363500', '5.62910700'),
(231, 5, 'Bodufushi', '72.96859100', '5.50766500'),
(232, 5, 'Boduhuraa', '73.02598400', '5.42203200'),
(233, 5, 'Dheburidheythereyvaadhoo', '72.99098700', '5.40069600'),
(234, 5, 'Dhekunumaafaru', '72.90811700', '5.44057500'),
(235, 5, 'Dhigali', '72.95301200', '5.47517600'),
(236, 5, 'Dhikkuredhdhoo', '72.95714600', '5.57686700'),
(237, 5, 'Dhinnaafushi', '72.83317300', '5.58930900'),
(238, 5, 'Dhoragali', '72.99813000', '5.49497800'),
(239, 5, 'Dhuvaafaru', '73.04193800', '5.62922500'),
(240, 5, 'Dhuvaafaruhuraa', '73.04156000', '5.63949700'),
(241, 5, 'Ehthigandujehihuraa', '73.03121300', '5.42563700'),
(242, 5, 'Ehthigili', '72.93851400', '5.97892600'),
(243, 5, 'Ekurufushifinolhu', '72.86675500', '5.74680000'),
(244, 5, 'Faarufushi', '72.96505100', '5.76782700'),
(245, 5, 'Fasgandufaru', '72.93921600', '5.75848900'),
(246, 5, 'Fasmendhoo', '72.88154900', '5.49419600'),
(247, 5, 'Fenfushi', '72.90252000', '5.38250900'),
(248, 5, 'Filaidhoo', '72.93818600', '5.49222200'),
(249, 5, 'Fuggiri', '72.85495200', '5.72424400'),
(250, 5, 'Furaveri', '72.89487100', '5.43324100'),
(251, 5, 'Gaaudoodhoo', '73.01553600', '5.74933500'),
(252, 5, 'Gemana', '0.00000000', '0.00000000'),
(253, 5, 'Giraavaaru', '72.86106900', '5.58830600'),
(254, 5, 'Goiymaru', '72.88821300', '5.63031500'),
(255, 5, 'Goyyafaru', '72.92740200', '5.56480900'),
(256, 5, 'Gubolhi', '72.88410300', '5.55163000'),
(257, 5, 'Bodu Haiykodi', '72.98994200', '5.60857600'),
(258, 5, 'Hiboodhoo', '72.91953900', '5.61303900'),
(259, 5, 'Hiraveri', '72.86922400', '5.57168900'),
(260, 5, 'Hulhudhoo', '73.01882000', '5.73857800'),
(261, 5, 'Huruvalhi', '72.97904100', '5.39223200'),
(262, 5, 'Kadoogadu', '72.87622700', '5.78087300'),
(263, 5, 'Kandhoomeehunge lhaabugali', '72.91984000', '5.73109700'),
(264, 5, 'Kothaafaru', '72.84354300', '5.52499600'),
(265, 5, 'Kottefaru', '73.04208400', '5.50980100'),
(266, 5, 'Kudafenmaaembudhoo', '72.93535600', '5.62503000'),
(267, 5, 'Kudafushi', '72.98035400', '5.51061300'),
(268, 5, 'Kudakurathu', '73.04418100', '5.58333400'),
(269, 5, 'Kudalhosgiri', '72.91423900', '5.60193700'),
(270, 5, 'Kudathulhaadhoo', '72.89862100', '5.40744500'),
(271, 5, 'Kukulhudhoo', '72.87095900', '5.45914300'),
(272, 5, 'Kuredhdhoo', '72.89472500', '5.64046800'),
(273, 5, 'Kuroshigiri', '72.87949900', '5.50901700'),
(274, 5, 'Lhaabugali', '72.87676200', '5.55217000'),
(275, 5, 'Lhohi', '72.88506900', '5.46156100'),
(276, 5, 'Liboakandhoo', '72.93420800', '5.73071100'),
(277, 5, 'Lundhufushi', '72.98694700', '5.64413300'),
(278, 5, 'Maamingili', '72.88400300', '5.65094200'),
(279, 5, 'Maamunagau', '72.91904300', '5.36017300'),
(280, 5, 'Maamunagaufinolhu', '72.87590600', '5.36948000'),
(281, 5, 'Maanenfushi', '72.96158000', '5.75111600'),
(282, 5, 'Maashigiri', '72.82683100', '5.51382400'),
(283, 5, 'Madivaafaru', '72.96929600', '5.61019500'),
(284, 5, 'Mahidhoo', '72.94566300', '5.55624700'),
(285, 5, 'Meedhupparu', '72.97960000', '5.45594300'),
(286, 5, 'Minaadhoo', '0.00000000', '0.00000000'),
(287, 5, 'Mullaafushi', '72.90710700', '5.51960600'),
(288, 5, 'Muravandhoo', '72.95181100', '5.60795100'),
(289, 5, 'Neyo', '73.03888700', '5.49248100'),
(290, 5, 'Orimasfushi', '0.00000000', '0.00000000'),
(291, 5, 'Thaavathaa', '72.97573700', '5.48464000'),
(292, 5, 'Ufulandhoo', '72.91320200', '5.46429400'),
(293, 5, 'Ugulu', '73.02627400', '5.69061300'),
(294, 5, 'Uthurumaafaru', '72.84570400', '5.66985500'),
(295, 5, 'Vaffushihuraa', '72.86193900', '5.62919400'),
(296, 5, 'Vahfushi', '72.83999200', '5.64279700'),
(297, 5, 'Vandhoo', '73.04147700', '5.53147200'),
(298, 5, 'Veyveh', '72.89332500', '5.76720400'),
(299, 5, 'Villingili', '72.95404800', '5.37674200'),
(300, 6, 'Kudarikilu', '73.07077300', '5.30053600'),
(301, 6, 'Kamadhoo', '73.13701600', '5.28192600'),
(302, 6, 'Kendhoo', '73.01015000', '5.27537800'),
(303, 6, 'Maaddoo', '73.08526300', '5.12585800'),
(304, 6, 'Udoodhoo', '0.00000000', '0.00000000'),
(305, 6, 'Kihaadhoo', '73.12517700', '5.21513800'),
(306, 6, 'Dhonfanu', '73.12304700', '5.18773800'),
(307, 6, 'Dharavandhoo', '73.13017000', '5.15768500'),
(308, 6, 'Maalhos', '73.10814400', '5.13481400'),
(309, 6, 'Eydhafushi', '73.07039500', '5.10348300'),
(310, 6, 'Funadhoo', '73.03287600', '5.27463300'),
(311, 6, 'Thulhaadhoo', '72.83998000', '5.02289100'),
(312, 6, 'Hithaadhoo', '72.92279100', '5.00742800'),
(313, 6, 'Fulhadhoo', '72.93496400', '4.88470500'),
(314, 6, 'Fehendhoo', '72.96713300', '4.88200100'),
(315, 6, 'Goidhoo', '73.00005100', '4.87092800'),
(316, 6, 'Landaagiraavaru', '73.11071800', '5.28630400'),
(317, 6, 'Dhunikolhu', '72.88142900', '5.03949400'),
(318, 6, 'Kihaadhuffaru', '73.13251900', '5.19105500'),
(319, 6, 'Fonimagoodhoo', '73.16352000', '5.25485400'),
(320, 6, 'Kunfunadhoo', '73.07766700', '5.11265200'),
(321, 6, 'Horubadhoo', '73.05271500', '5.16251500'),
(322, 6, 'Ahivahfushi', '72.85707800', '5.22837400'),
(323, 6, 'Aidhoo', '73.16323200', '5.18727300'),
(324, 6, 'Anhenunfushi', '72.96836300', '5.34210300'),
(325, 6, 'Balhufinolhu', '0.00000000', '0.00000000'),
(326, 6, 'Bathalaa', '73.06906600', '5.35383200'),
(327, 6, 'Bathalaahuraa', '73.06953000', '5.35402300'),
(328, 6, 'Boadhaafusheefinolhu', '72.90132200', '4.88327200'),
(329, 6, 'Bodufinolhu', '72.90577700', '5.00139000'),
(330, 6, 'Boifushi', '72.99395600', '5.29844200'),
(331, 6, 'Dhakandhoo', '72.89351300', '5.24858300'),
(332, 6, 'Dhandhoo', '73.16842400', '5.23557500'),
(333, 6, 'Dhigudhefaru', '73.13944700', '5.23496000'),
(334, 6, 'Dhigufaruvinagandu', '72.99056600', '5.35290200'),
(335, 6, 'Dhoogandufinolhu', '73.15105100', '5.24684300'),
(336, 6, 'Embudhoo', '72.85577700', '5.06389600'),
(337, 6, 'Fareedhaafinolhu', '72.95151100', '4.88464000'),
(338, 6, 'Fares', '72.87709400', '5.23220000'),
(339, 6, 'Fehenfaru', '72.90953700', '4.81868900'),
(340, 6, 'Finolhas', '73.11311400', '5.23379600'),
(341, 6, 'Funadhoo', '73.03318100', '5.27464000'),
(342, 6, 'Gaagadufaruhuraa', '73.06066700', '5.36912100'),
(343, 6, 'Gaaviligili', '72.83706800', '5.06214300'),
(344, 6, 'Gemendhoo', '73.01968500', '5.27554400'),
(345, 6, 'Hanifaru', '73.13382000', '5.18217100'),
(346, 6, 'Hibalhidhoo', '73.11476100', '5.14138300'),
(347, 6, 'Hirundhoo', '73.15340100', '5.21711300'),
(348, 6, 'Hulhudhoo', '73.02503100', '5.27492900'),
(349, 6, 'Innafushi', '72.87885900', '4.87767900'),
(350, 6, 'Kanufusheefinolhu', '0.00000000', '0.00000000'),
(351, 6, 'Kanufusheegaathufinolhu', '72.96262100', '5.01377000'),
(352, 6, 'Kanufushi', '72.95797100', '5.01203100'),
(353, 6, 'Kashidhoo', '72.96875600', '5.29721200'),
(354, 6, 'Kashidhuhfarufinolhu', '72.93267300', '5.29665800'),
(355, 6, 'Keyodhoo', '72.99610800', '5.27660800'),
(356, 6, 'Kihavah Haruvalhi', '73.05680700', '5.29602800'),
(357, 6, 'Kudadhoo', '72.99166800', '5.02869300'),
(358, 6, 'Maaddoo', '73.06227500', '5.09276000'),
(359, 6, 'Maaddoohulhudhoo', '73.03168700', '5.07125000'),
(360, 6, 'Maafusheefinolhu', '72.89332000', '5.24849600'),
(361, 6, 'Maamaduvvaree', '72.94193900', '5.00937500'),
(362, 6, 'Maarikili', '72.95234100', '5.33499800'),
(363, 6, 'Madhirivaadhoo', '73.16119400', '5.26875500'),
(364, 6, 'Medhufinolhu', '72.96641100', '5.01555700'),
(365, 6, 'Medhufinolhu', '0.00000000', '0.00000000'),
(366, 6, 'Mendhoo', '72.99554000', '5.17494400'),
(367, 6, 'Milaidhoo', '73.12813800', '5.26690500'),
(368, 6, 'Miriandhoo', '73.03084500', '5.06320500'),
(369, 6, 'Mudhdhoo', '73.08468600', '5.20666600'),
(370, 6, 'Muthaafushi', '72.87707700', '5.07827300'),
(371, 6, 'Nelivarufinolhu', '73.08580100', '5.12657700'),
(372, 6, 'Nibiligaa', '72.94451800', '5.17257300'),
(373, 6, 'Olhugiri', '72.90559200', '5.00138500'),
(374, 6, 'Fulhadhoo rahkairi finolhu ', '72.91893800', '4.88421300'),
(375, 6, 'Thiladhoo', '73.15493900', '5.26206900'),
(376, 6, 'Udoodhoo', '73.04240000', '5.27472200'),
(377, 6, 'Ufuligiri', '72.97040400', '5.01706500'),
(378, 6, 'Vakkaru', '72.91003300', '5.13386000'),
(379, 6, 'Veyofushi', '73.15947200', '5.22888300'),
(380, 6, 'Vinaneiyfaruhuraa', '73.07875800', '5.34623600'),
(381, 6, 'Voavah', '73.07789900', '5.31658200'),
(382, 7, 'Hinnavaru', '73.41215200', '5.49196100'),
(383, 7, 'Naifaru', '73.36516500', '5.44522500'),
(384, 7, 'Kurendhoo', '73.46361400', '5.33378400'),
(385, 7, 'Olhuvelifushi', '73.60638200', '5.27830900'),
(386, 7, 'Maafilaafushi', '73.41527200', '5.36296500'),
(387, 7, 'Felivaru', '73.38663500', '5.47710000'),
(388, 7, 'Kanuhuraa', '73.50595600', '5.53246200'),
(389, 7, 'Komandoo', '73.42415600', '5.49352400'),
(390, 7, 'Kuredhdhoo', '73.46610900', '5.55003900'),
(391, 7, 'Madhiriguraidhoo', '73.55794000', '5.47041700'),
(392, 7, 'Alhigaa', '73.51631900', '5.24396900'),
(393, 7, 'Bodufinolhu', '73.57092700', '5.26996300'),
(394, 7, 'Bovalhafushi', '73.37079800', '5.37378200'),
(395, 7, 'Dhashugirifinolhu', '73.42721200', '5.42734800'),
(396, 7, 'Dheruhfinolhu', '73.64712900', '5.32453900'),
(397, 7, 'Dhidhdhoo', '73.38418200', '5.37621800'),
(398, 7, 'Dhirunbaafushi', '73.65824100', '5.34350200'),
(399, 7, 'Faadhoo', '73.62990500', '5.43163900'),
(400, 7, 'Fainuaadhamhuraa', '73.65858500', '5.35719800'),
(401, 7, 'Farufinolhu', '0.00000000', '0.00000000'),
(402, 7, 'Fehigili', '73.48134400', '5.55730200'),
(403, 7, 'Fushifaru', '73.51517800', '5.49074800'),
(404, 7, 'Gaaerifaru', '73.40386000', '5.48504600'),
(405, 7, 'Govaafushi', '0.00000000', '0.00000000'),
(406, 7, 'Hudhufushi', '73.65262300', '5.36150300'),
(407, 7, 'Huruvalhi', '73.44150100', '5.52110200'),
(408, 7, 'Innahuraa', '73.65369700', '5.35004300'),
(409, 7, 'Kalhumanjehuraa', '73.48947800', '5.55476000'),
(410, 7, 'Kanifushi', '73.34360800', '5.36731500'),
(411, 7, 'Lhohi', '73.47279200', '5.32151700'),
(412, 7, 'Lhosalafushi', '73.48820700', '5.30353400'),
(413, 7, 'Maakoa', '73.43051300', '5.35766500'),
(414, 7, 'Maavaafushi', '73.35071000', '5.37029200'),
(415, 7, 'Maabinhuraa', '73.65137600', '5.33700000'),
(416, 7, 'Madivaru', '73.37082400', '5.45941700'),
(417, 7, 'Maduvvari', '73.50200200', '5.28476100'),
(418, 7, 'Maidhoo', '73.64684900', '5.40352000'),
(419, 7, 'Medhaadihuraa', '73.40747300', '5.36926300'),
(420, 7, 'Medhafushi', '73.42687700', '5.35565900'),
(421, 7, 'Meedhaahuraa', '73.40788500', '5.36917000'),
(422, 7, 'Meyafushi', '73.60763300', '5.44123600'),
(423, 7, 'Ookolhufinolhu', '73.62241200', '5.28158700'),
(424, 7, 'Ruhelhifushi', '0.00000000', '0.00000000'),
(425, 7, 'Thilamaafushi', '73.58702000', '5.27313900'),
(426, 7, 'Uthuruhuraa', '73.50292300', '5.54101300'),
(427, 7, 'Varihuraa', '73.48810300', '5.30333500'),
(428, 7, 'Vavvaru', '73.35416300', '5.41738600'),
(429, 7, 'Vejvah', '73.36026500', '5.42668800'),
(430, 7, 'Veligandu', '73.43642200', '5.52865500'),
(431, 7, 'Vihafaru', '73.58196300', '5.45563900'),
(432, 21, 'Male\'', '73.50987800', '4.17503000'),
(433, 21, 'Villingili', '73.48542700', '4.17323700'),
(434, 21, 'Hulhumale\'', '73.54075600', '4.20614800'),
(435, 8, 'Kaashidhoo', '73.45960900', '4.95699500'),
(436, 8, 'Gaafaru', '73.49984600', '4.73611500'),
(437, 8, 'Dhiffushi', '73.71375200', '4.44215300'),
(438, 8, 'Thulusdhoo', '73.65043900', '4.37435800'),
(439, 8, 'Huraa', '73.60069300', '4.33432800'),
(440, 8, 'Himmafushi', '73.57186300', '4.30890400'),
(441, 8, 'Gulhi', '73.50911400', '3.99098600'),
(442, 8, 'Maafushi', '73.48947600', '3.94121600'),
(443, 8, 'Guraidhoo', '73.46819100', '3.90087100'),
(444, 21, 'Hulhule', '73.53109600', '4.19191200'),
(445, 8, 'Thilafushi', '73.45088400', '4.18294400'),
(446, 8, 'Kuda Bandos', '73.49989800', '4.26387700'),
(447, 8, 'Kanduoiygiri', '73.54052400', '4.25793400'),
(448, 8, 'Aarah', '73.49463300', '4.23008400'),
(449, 8, 'Dhoonidhoo', '73.51402800', '4.19706600'),
(450, 8, 'Funadhoo', '73.51772100', '4.18387300'),
(451, 8, 'Girifushi', '73.57822300', '4.31837700'),
(452, 8, 'Gaamaadhoo', '73.57359900', '4.30905300'),
(453, 8, 'Feydhoofinolhu', '73.48530700', '4.21432400'),
(454, 8, 'Asdhu', '73.66085900', '4.46617200'),
(455, 8, 'Bandos', '73.49137800', '4.26936300'),
(456, 8, 'Baros', '73.42712000', '4.28506700'),
(457, 8, 'Biyaadhu', '73.45626000', '3.92219700'),
(458, 8, 'Boduhithi', '73.38449300', '4.43070700'),
(459, 8, 'Bolifushi', '73.40145500', '4.09598000'),
(460, 8, 'Farukolhufushi', '73.54421400', '4.23140300'),
(461, 8, 'Rannalhi', '73.35765300', '3.90318600'),
(462, 8, 'Makunufushi', '73.46975700', '3.91805300'),
(463, 8, 'Dhigufinohlu', '73.50230700', '3.97253100'),
(464, 8, 'Emboodhu', '73.51187100', '4.08394500'),
(465, 8, 'Eriyadhoo', '73.41431000', '4.59000700'),
(466, 8, 'Fihaalhohi', '73.36686500', '3.87722500'),
(467, 8, 'Kuda Huraa', '73.59743600', '4.32831500'),
(468, 8, 'Furanafushi', '73.54456700', '4.24978000'),
(469, 8, 'Bodufinolhu', '73.45654700', '3.85776300'),
(470, 8, 'Gasfinolhu', '73.62609700', '4.36108900'),
(471, 8, 'Giraavaru', '73.41273400', '4.20037000'),
(472, 8, 'Helegeli', '73.56289000', '4.63413000'),
(473, 8, 'Lankanfushi', '73.55805700', '4.29500000'),
(474, 8, 'Ihuru', '73.41601800', '4.30666700'),
(475, 8, 'Kandoomafushi', '73.47367700', '3.90391900'),
(476, 8, 'Kanifinolhu', '73.60773900', '4.34354100'),
(477, 8, 'Kudahithi', '73.38026700', '4.41717800'),
(478, 8, 'Vihamanaafushi', '73.51965800', '4.22675300'),
(479, 8, 'Velassaru', '73.43688400', '4.12148500'),
(480, 8, 'Lhohifushi', '73.61820300', '4.35110600'),
(481, 8, 'Mankunudhoo', '73.40561500', '4.54257000'),
(482, 8, 'Meerufenfushi', '73.71686900', '4.45407400'),
(483, 8, 'Nakatchafushi', '73.36947600', '4.36852500'),
(484, 8, 'Olhuveli', '73.45509600', '3.85040600'),
(485, 8, 'Veligandu Huraa', '73.50629900', '3.97165600'),
(486, 8, 'Lankanfinolhu', '73.55395700', '4.28609500'),
(487, 8, 'Medhufinolhu', '73.37054000', '4.51404700'),
(488, 8, 'Mahaanaelhi Huraa', '73.41167100', '3.81265800'),
(489, 8, 'Ziyaaraiyfushi', '73.37227700', '4.53260500'),
(490, 8, 'Kanuoiy Huraa', '73.59146500', '4.31814700'),
(491, 8, 'Thulhagiri', '73.48735200', '4.31163600'),
(492, 8, 'Hambadhu', '0.00000000', '0.00000000'),
(493, 8, 'Embudhu Finolhu', '73.52609600', '4.10098200'),
(494, 8, 'Vaadhu', '73.45725100', '4.12395100'),
(495, 8, 'Vabbinfaru', '73.42377300', '4.30984500'),
(496, 8, 'Vilivaru', '73.45582200', '3.91459600'),
(497, 8, 'Bodu Huraa', '73.50512300', '3.96738400'),
(498, 8, 'Bushy', '0.00000000', '0.00000000'),
(499, 8, 'Emboodhoo Finolhu', '73.52540400', '4.10257000'),
(500, 8, 'Erruhhuraa', '73.41621100', '3.81507500'),
(501, 8, 'Farukolhufushi', '0.00000000', '0.00000000'),
(502, 8, 'Feydhoo', '0.00000000', '0.00000000'),
(503, 8, 'Hembadhoo', '73.39336900', '4.48152500'),
(504, 8, 'Kaduoiygiri', '73.54054100', '4.25796900'),
(505, 8, 'Kagi', '73.50103700', '4.67685100'),
(506, 8, 'Kudafinolhu', '73.45841600', '3.86506800'),
(507, 8, 'Little Huraa', '0.00000000', '0.00000000'),
(508, 8, 'Maadhoo', '73.45877700', '3.87218700'),
(509, 8, 'Madivaru', '73.36832000', '4.50064300'),
(510, 8, 'Maniyafushi', '73.41123500', '4.05593000'),
(511, 8, 'Masleggihuraa', '73.59405900', '4.32256400'),
(512, 8, 'Oidhunifinolhu', '73.37665200', '3.82768700'),
(513, 8, 'Olhigandufinolhu', '73.41796700', '3.81221200'),
(514, 8, 'Olhuhali', '73.45115500', '4.68982400'),
(515, 8, 'Rasfari', '73.35141900', '4.39457000'),
(516, 8, 'Thaburudhoo', '73.58389700', '4.31640100'),
(517, 8, 'Tholhimaraahuraa', '73.37638400', '3.82663000'),
(518, 8, 'Thulusdhoo Irumathee hura', '73.65471400', '4.37165100'),
(519, 8, 'Vaagali', '73.35610000', '3.94844400'),
(520, 8, 'Vabboahuraa', '73.59594100', '4.31990900'),
(521, 8, 'Valassaru', '73.43709200', '4.12144700'),
(522, 8, 'Vammaafushi', '73.49614100', '3.94855900'),
(523, 8, 'Villingilimathidhahuraa', '73.66301200', '4.37701000'),
(524, 21, 'Thoddoo', '72.94563100', '4.43732200'),
(525, 21, 'Rasdhoo', '72.99197700', '4.26310500'),
(526, 21, 'Ukulhas', '72.86373400', '4.21465500'),
(527, 21, 'Mathiveri', '72.74580200', '4.19156300'),
(528, 21, 'Bodufolhudhoo', '72.77347900', '4.18545500'),
(529, 21, 'Feridhoo', '72.72516100', '4.05108200'),
(530, 21, 'Maalhos', '72.71962800', '3.98648000'),
(531, 21, 'Himandhoo', '72.74450200', '3.92161200'),
(532, 21, 'Bathala', '72.94525700', '4.07024700'),
(533, 21, 'Ellaidhu', '72.94914200', '4.00618600'),
(534, 21, 'Fesdhoo', '72.81101300', '4.00677200'),
(535, 21, 'Gangehi', '72.75543200', '4.22005400'),
(536, 21, 'Halaveli', '72.91942600', '4.03820700'),
(537, 21, 'Kuramathi', '72.98358200', '4.25995900'),
(538, 21, 'Maayaafushi', '72.88759600', '4.07355400'),
(539, 21, 'Madoogali', '72.75280700', '4.09598000'),
(540, 21, 'Kudafolhudhoo', '72.76709600', '4.18116900'),
(541, 21, 'Veligandu', '73.01150800', '4.29837400'),
(542, 21, 'Velidhoo', '72.81847700', '4.19479700'),
(543, 21, 'Mushimasmigili', '72.91355100', '3.95919000'),
(544, 8, 'Avi Island', '0.00000000', '0.00000000'),
(545, 8, 'Machchafushi', '0.00000000', '0.00000000'),
(546, 21, 'Alikoirah', '72.88005600', '3.94334000'),
(547, 21, 'Beyrumadivaru', '72.94095100', '4.11978300'),
(548, 21, 'Dhinnolhufinolhu', '72.73268100', '4.13828100'),
(549, 21, 'Etheremadivaru', '72.93780800', '4.11876000'),
(550, 21, 'Fushi', '72.88358600', '4.21527900'),
(551, 21, 'Gaathafushi', '72.81062400', '4.02366500'),
(552, 21, 'Kandholhudhoo', '72.88167000', '4.00257700'),
(553, 21, 'Maagau', '72.95689900', '3.98871700'),
(554, 21, 'Madivaru', '73.00021500', '4.26558700'),
(555, 21, 'Madivarufinolhu', '72.99988100', '4.26861400'),
(556, 21, 'Mathivereefinolhu', '72.75079100', '4.18512200'),
(557, 21, 'Meerufenfushi', '72.82332300', '3.95281900'),
(558, 21, 'Vihamaafaru', '72.74617600', '4.12235300'),
(559, 8, 'Hangnameedhoo', '72.95539000', '3.84933700'),
(560, 8, 'Omadhoo', '72.96113100', '3.79160000'),
(561, 8, 'Kuburudhoo', '72.92369300', '3.77558700'),
(562, 8, 'Mahibadhoo', '72.96906600', '3.75722000'),
(563, 8, 'Mandhoo', '72.71008200', '3.69790200'),
(564, 8, 'Dhangethi', '72.95540500', '3.60680500'),
(565, 8, 'Dhigurah', '72.92410000', '3.52692000'),
(566, 8, 'Fenfushi', '72.78291000', '3.48921300'),
(567, 8, 'Dhidhdhoo', '72.87950200', '3.48490600'),
(568, 8, 'Maamigili', '72.83691600', '3.47667000'),
(569, 8, 'Ariyadhoo', '72.85507100', '3.47545800'),
(570, 8, 'Angaaga', '72.82161900', '3.65252700'),
(571, 8, 'Dhidhdhoofinolhu', '72.89618100', '3.49815300'),
(572, 8, 'Athurugau', '72.81616800', '3.88719800'),
(573, 8, 'Dhiffushi', '72.82473800', '3.47522200'),
(574, 8, 'Kuda Rah', '72.91065400', '3.57403400'),
(575, 8, 'Huvahendhoo', '72.95359000', '3.65374300'),
(576, 8, 'Machchafushi', '72.90218000', '3.57875500'),
(577, 8, 'Mirihi', '72.78049600', '3.61929400'),
(578, 8, 'Rangalifinolhu', '72.71684600', '3.61615100'),
(579, 8, 'Moofushi', '72.72767700', '3.88460800'),
(580, 8, 'Villingilivaru', '72.95479400', '3.61902000'),
(581, 8, 'Nalaguraidhoo', '72.80209100', '3.48321300'),
(582, 8, 'Thundufushi', '72.73104300', '3.78622300'),
(583, 8, 'Maafushivaru', '72.90017600', '3.60779900'),
(584, 8, 'Vakarufalhi', '72.90185800', '3.57863500'),
(585, 8, 'Vilamendhoo', '72.95891400', '3.63381500'),
(586, 8, 'Aafinolhu', '72.87019900', '3.54631800'),
(587, 8, 'Bodufinolhu', '72.76187100', '3.49446300'),
(588, 8, 'Bodukaashihuraa', '72.95457800', '3.87584400'),
(589, 8, 'Bulhalhohi', '72.73170800', '3.73891200'),
(590, 8, 'Dhiggiri', '72.91489600', '3.85878000'),
(591, 8, 'Enboodhoo', '72.75240700', '3.81528000'),
(592, 8, 'Fushidhiggaa', '72.77067400', '3.75770800'),
(593, 8, 'Heenfaru', '72.75238100', '3.81518300'),
(594, 8, 'Hiyafushi', '72.87183100', '3.47913800'),
(595, 8, 'Hukurudhoo', '72.71820200', '3.57068900'),
(596, 8, 'Hurasdhoo', '72.77458000', '3.66683500'),
(597, 8, 'Huruelhi', '72.71950900', '3.54418500'),
(598, 8, 'Innafushi', '72.73189500', '3.79741200'),
(599, 8, 'Kalhahadhihuraa', '72.71078300', '3.79811700'),
(600, 8, 'Kudadhoo', '72.87110700', '3.47946000'),
(601, 8, 'Lonuboi', '72.90049600', '3.60321500'),
(602, 8, 'Theluveligaa', '72.90252000', '3.67001800'),
(603, 8, 'Theyofulhihuraa', '72.96162900', '3.72465700'),
(604, 8, 'Tholhifushi', '72.79047000', '3.48492500'),
(605, 11, 'Fulidhoo', '73.41578600', '3.68047700'),
(606, 11, 'Thinadhoo', '73.53785600', '3.48767300'),
(607, 11, 'Felidhoo', '73.54704400', '3.47175100'),
(608, 11, 'Keyodhoo', '73.55011000', '3.46211700'),
(609, 11, 'Rakeedhoo', '73.46982300', '3.31494000'),
(610, 11, 'Anbaraa', '73.43936600', '3.37232400'),
(611, 11, 'Bodumohuraa', '73.51735500', '3.34286500'),
(612, 11, 'Alimatha', '73.49794500', '3.59383100'),
(613, 11, 'Dhiggiri', '73.48697300', '3.64526600'),
(614, 11, 'Aarah', '73.52931100', '3.49959600'),
(615, 11, 'Foththeyo Bodufushi', '73.75834100', '3.45571900'),
(616, 11, 'Hulhidhoo', '73.53223400', '3.49340300'),
(617, 11, 'Kudhiboli', '73.36487900', '3.63664200'),
(618, 11, 'Kunaavashi', '73.33764200', '3.60396900'),
(619, 11, 'Raggadu', '73.39510400', '3.41445000'),
(620, 11, 'Ruhhurihuraa', '73.50012200', '3.36111700'),
(621, 11, 'Thuduhuraa', '73.50596800', '3.34259200'),
(622, 11, 'Vashugiri', '73.37753500', '3.63035400'),
(623, 11, 'Vattaru', '73.42647200', '3.22178100'),
(624, 12, 'Raimandhoo', '73.63909500', '3.08901000'),
(625, 12, 'Madifushi', '73.63865900', '3.08099000'),
(626, 12, 'Veyvah', '73.59976500', '2.95584000'),
(627, 12, 'Mulah', '73.58425600', '2.94638700'),
(628, 12, 'Muli', '73.58136500', '2.91899100'),
(629, 12, 'Naalaafushi', '73.57740100', '2.89565900'),
(630, 12, 'Kolhufushi', '73.42444000', '2.78081000'),
(631, 12, 'Dhiggaru', '73.56525800', '3.11210200'),
(632, 12, 'Maduvvari', '73.57289700', '3.10464700'),
(633, 12, 'Hakuraa Huraa', '73.55747000', '2.85812900'),
(634, 12, 'Medhufushi', '73.57530000', '2.88630700'),
(635, 12, 'Boahuraa', '73.58556300', '2.92583700'),
(636, 12, 'Dhekunuboduveli', '73.45206500', '2.82594100'),
(637, 12, 'Dhiththudi', '73.42113600', '2.76673000'),
(638, 12, 'Erruh-huraa', '73.64216500', '3.07003400'),
(639, 12, 'Fenboafinolhu', '73.40462900', '3.17064000'),
(640, 12, 'Fenboakurali', '73.37258400', '2.77414800'),
(641, 12, 'Fenfuraveli', '73.42848100', '2.79367500'),
(642, 12, 'Gaakurali', '73.37201000', '2.78026600'),
(643, 12, 'Gasveli', '73.45847900', '2.83031700'),
(644, 12, 'Gongalihuraa', '73.55086700', '2.85374100'),
(645, 12, 'Hurasveli (Uthurugasveli)', '73.61809000', '3.01870400'),
(646, 12, 'Kakaahuraa', '73.53507400', '2.85222000'),
(647, 12, 'Kekuraalhuveli', '73.53869000', '2.85404400'),
(648, 12, 'Kudausfushi', '73.44356000', '2.81900900'),
(649, 12, 'Maahuraa', '73.43235600', '2.79810500'),
(650, 12, 'Maalhaveli', '73.57911700', '2.90480700'),
(651, 12, 'Mausfushi', '73.43188200', '2.79835600'),
(652, 12, 'Medhufushi', '0.00000000', '0.00000000'),
(653, 12, 'Seedheehuraa', '73.55788400', '2.85727700'),
(654, 12, 'Seedihuraaveligandu', '73.55436400', '2.85974200'),
(655, 12, 'Thuvaru', '73.37950700', '2.89838100'),
(656, 12, 'Uthuruboduveli', '73.61853900', '3.02502300'),
(657, 12, 'Verineiybe', '73.61955600', '3.03679300'),
(658, 13, 'Feeali', '73.00217000', '3.26985900'),
(659, 13, 'Biledhdhoo', '72.98409000', '3.11830700'),
(660, 13, 'Magoodhoo', '72.98409000', '3.11830700'),
(661, 13, 'Dharaboodhoo', '72.96338600', '3.07858500'),
(662, 13, 'Nilandhoo', '72.92548900', '3.06302400'),
(663, 13, 'Maafushi', '72.88850300', '3.05599200'),
(664, 13, 'Filitheyo', '73.03659100', '3.21322900'),
(665, 13, 'Adhangau', '73.00841600', '3.13868300'),
(666, 13, 'Agulugalee-Finolhu', '0.00000000', '0.00000000'),
(667, 13, 'Bandidhuhfusheefinolhu', '72.93651600', '3.15026400'),
(668, 13, 'Bodufinolhu', '0.00000000', '0.00000000'),
(669, 13, 'Dhiguvaru', '73.02540800', '3.24665100'),
(670, 13, 'Dunifinolhu', '0.00000000', '0.00000000'),
(671, 13, 'Embulufushi', '73.01867400', '3.13456000'),
(672, 13, 'Faanumaahuraa', '72.99520900', '3.22995600'),
(673, 13, 'Gaahuraa', '0.00000000', '0.00000000'),
(674, 13, 'Himithi', '72.81968900', '3.25596600'),
(675, 13, 'Huraa', '0.00000000', '0.00000000'),
(676, 13, 'Jinnathgau', '72.99772500', '3.19995300'),
(677, 13, 'Kadumoonufushi', '72.89769500', '3.31598000'),
(678, 13, 'Kofesdhoo', '0.00000000', '0.00000000'),
(679, 13, 'Kudafalhufinolhu', '0.00000000', '0.00000000'),
(680, 13, 'Kudafareefinolhu', '0.00000000', '0.00000000'),
(681, 13, 'Maavaruhuraa', '73.04146300', '3.19113100'),
(682, 13, 'Madivaru huraa', '73.01076200', '3.26677300'),
(683, 13, 'Madivaru huraa', '73.01815800', '3.13408000'),
(684, 13, 'Magoodhoobodufinolhu', '72.95312000', '3.07450500'),
(685, 13, 'Makunueri', '72.92872900', '3.25835600'),
(686, 13, 'Minimasgali', '72.83570800', '3.24285400'),
(687, 13, 'Rangaleefinolhu', '0.00000000', '0.00000000'),
(688, 13, 'Villiginlivarufinolhu', '72.99880100', '3.27439800'),
(689, 14, 'Meedhoo', '73.00637100', '2.99828200'),
(690, 14, 'Bandidhoo', '72.99075700', '2.93648400'),
(691, 14, 'Rinbudhoo', '72.89404700', '2.92536200'),
(692, 14, 'Hulhudheli', '72.84636300', '2.85843600'),
(693, 14, 'Gemendhoo', '73.02627000', '2.80371100'),
(694, 14, 'Vaanee', '73.00322000', '2.72551000'),
(695, 14, 'Maaenboodhoo', '72.96333500', '2.69556600'),
(696, 14, 'Kudahuvadhoo', '72.89371600', '2.67170700'),
(697, 14, 'Velavaru', '73.01544500', '2.97985400'),
(698, 14, 'Meedhuffushi', '73.00070500', '3.00381300'),
(699, 14, 'Aluvifushi', '72.96096900', '2.93346800'),
(700, 14, 'Ayyukaloahuraa', '73.02577300', '2.79414000'),
(701, 14, 'Bhulalafushi', '73.02641600', '2.81368600'),
(702, 14, 'Bodufushi', '72.84714300', '2.70445400'),
(703, 14, 'Dhebaidhoo', '73.02630400', '2.81369000'),
(704, 14, 'Dhoores', '72.88372100', '2.91744600'),
(705, 14, 'Embudhoofushi', '72.92854400', '2.67767000'),
(706, 14, 'Faandhoo', '72.94673200', '2.96262400'),
(707, 14, 'Fenaruvaahuraa', '0.00000000', '0.00000000'),
(708, 14, 'Fenfushi', '0.00000000', '0.00000000'),
(709, 14, 'Fenmeeruhuraa', '0.00000000', '0.00000000'),
(710, 14, 'Gahadhiffushi', '72.85102500', '2.69627700'),
(711, 14, 'Hasannalaafushi', '0.00000000', '0.00000000'),
(712, 14, 'Hinaidhoo', '0.00000000', '0.00000000'),
(713, 14, 'Hiriyafushi', '72.98836500', '2.71244900'),
(714, 14, 'Hudufushifinolhu', '72.90488500', '2.89372400'),
(715, 14, 'Hulhuveli', '73.02473400', '2.85670600'),
(716, 14, 'Issari', '72.98266100', '2.70779000'),
(717, 14, 'Kannefaru', '73.02646800', '2.92474900'),
(718, 14, 'Kedhigadu', '72.85198800', '2.69535400'),
(719, 14, 'Kiraidhoo', '73.02631300', '2.79369000'),
(720, 14, 'Lhohi', '72.98523100', '2.95692400'),
(721, 14, 'Maadheli', '72.83741700', '2.88427300'),
(722, 14, 'Maafushi', '72.86077100', '2.68744100'),
(723, 14, 'Maagau', '72.91406500', '2.94789500'),
(724, 14, 'Maalefaru', '73.02548700', '2.88229000'),
(725, 14, 'Maavarufinolhu', '0.00000000', '0.00000000'),
(726, 14, 'Mathidhebaidhoo', '0.00000000', '0.00000000'),
(727, 14, 'Medhurah', '0.00000000', '0.00000000'),
(728, 14, 'Meedhuffushi', '73.00034800', '3.00325400'),
(729, 14, 'Minimasgali', '72.88740700', '2.75022900'),
(730, 14, 'Naibukaloabodufushi', '73.02397700', '2.76665800'),
(731, 14, 'Olhufushi', '0.00000000', '0.00000000'),
(732, 14, 'Olhuveli', '72.93460200', '2.68255400'),
(733, 14, 'Sarakafushi', '0.00000000', '0.00000000'),
(734, 14, 'Sathaaraa', '0.00000000', '0.00000000'),
(735, 14, 'Thabalhaidhoo', '0.00000000', '0.00000000'),
(736, 14, 'Thilabolhufushi', '73.02275400', '2.75584600'),
(737, 14, 'Thinhuraa', '73.02588300', '2.78741000'),
(738, 14, 'Udhdhoo', '72.99050200', '2.97065200'),
(739, 14, 'Vaalia', '72.88261900', '2.70436000'),
(740, 14, 'Vallalhohi', '72.88805700', '2.73035600'),
(741, 14, 'Vommuli', '72.86589300', '2.91136000'),
(742, 15, 'Buruni', '73.10599500', '2.55871400'),
(743, 15, 'Vilufushi', '73.30822900', '2.50281800'),
(744, 15, 'Madifushi', '73.35481700', '2.35696300'),
(745, 15, 'Dhiyamigili', '73.33693100', '2.34018700'),
(746, 15, 'Guraidhoo', '73.31942100', '2.32496800'),
(747, 15, 'Kandoodhoo', '72.91660800', '2.32120400'),
(748, 15, 'Vandhoo', '72.94199700', '2.29169100'),
(749, 15, 'Hirilandhoo', '72.93253000', '2.26961100'),
(750, 15, 'Gaadhiffushi', '73.21240000', '2.25313900'),
(751, 15, 'Thimarafushi', '73.14293500', '2.20552900'),
(752, 15, 'Veymandoo', '73.09445700', '2.18691700'),
(753, 15, 'Kinbidhoo', '73.06600000', '2.16810500'),
(754, 15, 'Omadhoo', '73.02354900', '2.16735800'),
(755, 15, 'Fondhoo', '72.97924500', '2.36019100'),
(756, 15, 'Kanimeedhoo', '73.11168900', '2.19531200'),
(757, 15, 'Bodufinolhu', '73.30522900', '2.31559700'),
(758, 15, 'Bodurehaa', '73.22912900', '2.26806500'),
(759, 15, 'Dhiffushi', '73.22656900', '2.52048800'),
(760, 15, 'Dhonanfushi', '73.31485200', '2.48979700'),
(761, 15, 'Dhururehaa', '73.01203200', '2.16923600'),
(762, 15, 'Ekruffushi', '73.22626200', '2.26585700'),
(763, 15, 'Elaa', '73.07916800', '2.17286000'),
(764, 15, 'Fenfushi', '73.27013000', '2.29166800'),
(765, 15, 'Fenmeerufushi', '73.23334400', '2.27073500'),
(766, 15, 'Fonidhaani', '73.28502400', '2.30058800'),
(767, 15, 'Funaddhoo', '73.12872000', '2.19833100'),
(768, 15, 'Fushi', '72.96901100', '2.19322100'),
(769, 15, 'Fushifaru', '73.17445800', '2.53992800'),
(770, 15, 'Gaalee', '73.15452200', '2.54747300'),
(771, 15, 'Gaathurehaa', '73.01536900', '2.17088800'),
(772, 15, 'Hathifushi', '73.26301600', '2.28750400'),
(773, 15, 'Hikandhilohi', '73.22657700', '2.52054900'),
(774, 15, 'Hiriyanfushi', '73.14969600', '2.21151600'),
(775, 15, 'Hodelifushi', '73.31257200', '2.49499900'),
(776, 15, 'Hulhiyanfushi', '73.21798500', '2.25864200'),
(777, 15, 'Kaadhoo', '73.25415800', '2.28193900'),
(778, 15, 'Kadufushi', '72.98768900', '2.53137000'),
(779, 15, 'Kafidhoo', '72.96164700', '2.32705500'),
(780, 15, 'Kakolhas', '72.94440900', '2.31570000'),
(781, 15, 'Kalhudheyfushi', '73.27668000', '2.29515800'),
(782, 15, 'Kalhufahalafushi', '73.36048100', '2.40820200'),
(783, 15, 'Kandaru', '0.00000000', '0.00000000'),
(784, 15, 'Kani', '72.97361700', '2.18946900'),
(785, 15, 'Kolafushi', '73.22335800', '2.26383500'),
(786, 15, 'Kolhufushi', '73.27936300', '2.29875200'),
(787, 15, 'Kolhufushi', '73.28524000', '2.30146900'),
(788, 15, 'Kudadhoo', '73.06285500', '2.16458500'),
(789, 15, 'Kudadhoofinolhu', '72.95168300', '2.30884300'),
(790, 15, 'Kudakaadhoo', '73.25917800', '2.28536100'),
(791, 15, 'Kudakibidhoo', '73.06300500', '2.16445800'),
(792, 15, 'Kuradhuvaru', '73.17957800', '2.53831000'),
(793, 15, 'Kuredhifushi', '73.03471200', '2.16824500'),
(794, 15, 'Lhavaddoo', '73.29115900', '2.30577700'),
(795, 15, 'Maagulhi', '73.17941300', '2.53840600'),
(796, 15, 'Maleafushi', '73.29819500', '2.31059800'),
(797, 15, 'Mathidhoo', '73.34279900', '2.34694100'),
(798, 15, 'Medhafushi', '73.34096300', '2.34339600'),
(799, 15, 'Olhudhiyafushi', '73.23610100', '2.27234200'),
(800, 15, 'Olhufushi', '72.90908700', '2.36589800'),
(801, 15, 'Olhufushifinolhu', '72.90825000', '2.37150900'),
(802, 15, 'Olhugiri', '73.25608900', '2.50583300'),
(803, 15, 'Rihaamaafushi', '73.26691100', '2.28971900'),
(804, 15, 'Ruththibirah', '73.05396100', '2.16852800'),
(805, 15, 'Thinkolhufushi', '73.33940300', '2.34084200'),
(806, 15, 'Ufuriyaa', '73.36190800', '2.36187800'),
(807, 15, 'Usfushi', '73.20451500', '2.24635300'),
(808, 15, 'Vanbadhi', '72.97489200', '2.18728000'),
(809, 16, 'Isdhoo', '73.56844400', '2.11900700'),
(810, 16, 'Dhabidhoo', '73.54434000', '2.09372400'),
(811, 16, 'Maabaidhoo', '73.53251700', '2.02737000'),
(812, 16, 'Mundoo', '73.53373900', '2.01105200'),
(813, 16, 'Kalhaidhoo', '73.53752800', '1.98879400'),
(814, 16, 'Gan', '73.53975800', '1.91113600'),
(815, 16, 'Maavah', '73.24234700', '1.88532800'),
(816, 16, 'Fonadhoo', '73.50423900', '1.83632400'),
(817, 16, 'Gaadhoo', '73.45209000', '1.82145700'),
(818, 16, 'Maamendhoo', '73.38986600', '1.81803800'),
(819, 16, 'Hithadhoo', '73.38804700', '1.79595700'),
(820, 16, 'Kunahandhoo', '73.36836100', '1.78330700'),
(821, 16, 'Baresdhoo', '73.53994800', '1.96796400'),
(822, 16, 'Maandhoo', '73.52826800', '1.87300700'),
(823, 16, 'Hulhimendhoo', '73.39456900', '1.82295100'),
(824, 16, 'Kadhdhoo', '73.51992300', '1.86094900'),
(825, 16, 'Athahedha', '73.28567100', '1.81038300'),
(826, 16, 'Bileitheyrahaa', '73.53436200', '2.05468900'),
(827, 16, 'Bodufenrahaa', '73.27932000', '1.81722400'),
(828, 16, 'Bodufinolhu', '73.37238000', '2.02797400'),
(829, 16, 'Boduhuraa', '73.35448600', '1.78085000'),
(830, 16, 'Boduhuraa', '73.51606400', '1.84421500'),
(831, 16, 'Kudahuraa', '73.51538800', '1.84549100'),
(832, 16, 'Boduhuraa', '0.00000000', '0.00000000'),
(833, 16, 'Bodumaabulhali', '73.25518000', '1.84918000'),
(834, 16, 'Bokaiyfushi', '73.53413200', '1.99864800'),
(835, 16, 'Burahaa', '0.00000000', '0.00000000'),
(836, 16, 'Dhekunuvinagadu', '73.27457800', '1.82202900'),
(837, 16, 'Dhonberahaa', '73.53565300', '2.07173700'),
(838, 16, 'Fares', '73.29489800', '1.80096800'),
(839, 16, 'Fenboahuraa', '73.53610400', '2.06099400'),
(840, 16, 'Fenboarahaa', '73.28895400', '1.80980400'),
(841, 16, 'Fonagaadhoo', '73.54248400', '2.11516000'),
(842, 16, 'Fushi', '73.53197900', '2.04965700'),
(843, 16, 'Gasgfinolhu', '73.54009500', '1.95220600'),
(844, 16, 'Guraidhoo', '73.25485800', '1.90880000'),
(845, 16, 'Haiythirahaa', '0.00000000', '0.00000000'),
(846, 16, 'Haiythoshi', '73.25820600', '1.84203800'),
(847, 16, 'Hanhushi', '73.26169400', '1.95166300'),
(848, 16, 'Hedha', '73.28219500', '1.82438800'),
(849, 16, 'Hikandhirahaa', '73.53662500', '2.05839000'),
(850, 16, 'Holhurahaa', '73.53908700', '2.06871400'),
(851, 16, 'Hulhisdhoo', '73.38791700', '1.78529000'),
(852, 16, 'Hulhiyandhoo', '73.54142900', '2.08092700'),
(853, 16, 'Kalhurahaa', '73.25642500', '1.84420400'),
(854, 16, 'Kandaru', '73.53625100', '2.06091300'),
(855, 16, 'Kanuhuraa', '73.53264400', '2.04540000'),
(856, 16, 'Kashidhoo', '0.00000000', '0.00000000'),
(857, 16, 'Kilegerahaa', '0.00000000', '0.00000000'),
(858, 16, 'Kudafares', '73.30122800', '1.79989500'),
(859, 16, 'Kudafenhuraa', '0.00000000', '0.00000000'),
(860, 16, 'Kudafushi', '73.33053900', '1.78921500'),
(861, 16, 'Kudakalhaidhoo', '73.53576100', '1.99220100'),
(862, 16, 'Kudamaabulhahi', '73.25271200', '1.84731400'),
(863, 16, 'Kudamahiguli', '0.00000000', '0.00000000'),
(864, 16, 'Kudaveshi', '0.00000000', '0.00000000'),
(865, 16, 'Maafushi', '73.33427300', '1.79200300'),
(866, 16, 'Maakalhuveli', '73.34030300', '1.78949300'),
(867, 16, 'Maaveshi', '73.27155200', '1.83309500'),
(868, 16, 'Mahakanfushi', '73.53985100', '1.95866700'),
(869, 16, 'Mahigulhi', '0.00000000', '0.00000000'),
(870, 16, 'Medhuvinagadu', '73.27120900', '1.82726200'),
(871, 16, 'Mendhoo', '73.38210200', '1.78722000'),
(872, 16, 'Olhutholhu', '73.35251200', '1.78837800'),
(873, 16, 'Olhuveli', '73.40483000', '1.81694500'),
(874, 16, 'Thathunrahaa', '0.00000000', '0.00000000'),
(875, 16, 'Thunburi', '73.54015900', '2.07458900'),
(876, 16, 'Usfinolhu', '0.00000000', '0.00000000'),
(877, 16, 'Uthuruvinagadu', '73.26758300', '1.82996400'),
(878, 16, 'Uvadhevifushi', '73.53715400', '1.97914200'),
(879, 16, 'Vadinolhu', '73.35918100', '2.01780100'),
(880, 16, 'Veligandufinolhu', '73.40920300', '1.83002800'),
(881, 16, 'Ziyaaraiffushi', '73.31212900', '1.99232900'),
(882, 17, 'Kolamaafushi', '73.18501500', '0.83715400'),
(883, 17, 'Villingili', '73.43488500', '0.75529300'),
(884, 17, 'Maamendhoo', '73.43889100', '0.71346400'),
(885, 17, 'Nilandhoo', '73.44620800', '0.63641600'),
(886, 17, 'Dhaandhoo', '73.46209400', '0.62111400'),
(887, 17, 'Dhevvadhoo', '73.24223700', '0.55685800'),
(888, 17, 'Kondey', '73.54965300', '0.49955400'),
(889, 17, 'Dhiyadhoo', '73.55897100', '0.47646800'),
(890, 17, 'Gemanafushi', '73.56852100', '0.44201700'),
(891, 17, 'Kanduhulhudhoo', '73.53999300', '0.35134400'),
(892, 17, 'Kooddoo', '73.43395000', '0.73325700'),
(893, 17, 'Kendheraa', '73.28507100', '0.72709500'),
(894, 17, 'Araigaththaa', '73.53502700', '0.45196100'),
(895, 17, 'Baavanadhoo', '73.53958100', '0.52154000'),
(896, 17, 'Baberaahuttaa', '73.18106500', '0.84087500'),
(897, 17, 'Bakeththaa', '73.49777800', '0.38080700'),
(898, 17, 'Beyrumauddoo', '73.22481400', '0.79489500'),
(899, 17, 'Boaddoo', '73.33060400', '0.70583200'),
(900, 17, 'Bodubondeyyaa', '73.56747600', '0.41062100'),
(901, 17, 'Bodufushi', '0.00000000', '0.00000000'),
(902, 17, 'Bodehuttaa', '73.57236700', '0.41264900'),
(903, 17, 'Dhevaamaagalaa', '73.19176500', '0.57080300'),
(904, 17, 'Dhevalaabadhoo', '73.30943100', '0.60474300'),
(905, 17, 'Dhigudhoo', '73.53441000', '0.54220300'),
(906, 17, 'Dhigurah', '73.44110200', '0.69096100'),
(907, 17, 'Falhumaafushi', '73.43837800', '0.67154500'),
(908, 17, 'Falhuverrehaa', '73.43235800', '0.76390300'),
(909, 17, 'Faruhulhudhoo', '73.25533000', '0.87440900'),
(910, 17, 'Fenrehaa', '73.57241600', '0.41515800'),
(911, 17, 'Fenrehaahuttaa', '73.57247500', '0.41571700'),
(912, 17, 'Fulangi', '73.16404900', '0.66566600'),
(913, 17, 'Funadhoo', '73.52586900', '0.56259000'),
(914, 17, 'Funadhooviligillaa', '73.51996800', '0.56960600'),
(915, 17, 'Funamauddoo', '73.18971100', '0.53359400'),
(916, 17, 'Galamadhoo', '73.53702700', '0.53040500'),
(917, 17, 'Hadahaa', '73.45399500', '0.50551200'),
(918, 17, 'Hagedhoo', '73.19009500', '0.53377300'),
(919, 17, 'Hagevillaa', '73.26654900', '0.68864600'),
(920, 17, 'Heenaamaagalaa', '73.34520000', '0.62981400'),
(921, 17, 'Hirihuttaa', '73.34630700', '0.54059700'),
(922, 17, 'Hithaadhoo', '73.24226300', '0.84907000'),
(923, 17, 'Hithandhoogalaa', '73.25205700', '0.82627900'),
(924, 17, 'Hulhimendhoo', '73.44007800', '0.70360700'),
(925, 17, 'Huredhdhoo', '73.20789200', '0.84673200'),
(926, 17, 'Idimaa', '73.56990000', '0.40898000'),
(927, 17, 'Inareha', '0.00000000', '0.00000000'),
(928, 17, 'Kanduvilingili', '73.19031000', '0.86621300'),
(929, 17, 'Kalhehuttaa', '73.17927100', '0.84842100'),
(930, 17, 'Keesseyrahaa', '73.13888000', '0.63522000'),
(931, 17, 'Koadhoo', '0.00000000', '0.00000000'),
(932, 17, 'Kodafuttaa', '73.43942100', '0.67854700'),
(933, 17, 'Kodeymatheelaabadhoo', '73.49844300', '0.50578500'),
(934, 17, 'Kodeyvilingili', '73.54219200', '0.51354400'),
(935, 17, 'Kolhaa', '0.00000000', '0.00000000'),
(936, 17, 'Kubumaafushi', '73.55283600', '0.38248100'),
(937, 17, 'Kudafehala', '73.56937900', '0.43366700'),
(938, 17, 'Kudalafari', '73.34963700', '0.89661500'),
(939, 17, 'Kudhebondeyyaa', '73.56984800', '0.40757900'),
(940, 17, 'Kuredhdhoo', '73.43878700', '0.65953200'),
(941, 17, 'Lhossaa', '73.20181400', '0.82033000'),
(942, 17, 'Maadhiguvara', '73.20214000', '0.68459700'),
(943, 17, 'Maafehelaa', '73.55213800', '0.36850900'),
(944, 17, 'Maagehuttaa', '73.17977800', '0.84572300'),
(945, 17, 'Maamutaa', '73.40750300', '0.84614800'),
(946, 17, 'Maanaagalaa', '73.33611400', '0.88531000'),
(947, 17, 'Maarandhoo', '73.20909700', '0.85366700'),
(948, 17, 'Maarehaa', '73.56397800', '0.46145600'),
(949, 17, 'Mahadhdhoo', '73.51285000', '0.58434600'),
(950, 17, 'Mathidhdhoo', '0.00000000', '0.00000000'),
(951, 17, 'Medhuhuttaa', '73.56191800', '0.46648500'),
(952, 17, 'Medhurehaa', '73.54543800', '0.36314700'),
(953, 17, 'Melaimu', '73.17941300', '0.85754500'),
(954, 17, 'Meradhoo', '73.09357000', '0.58643200'),
(955, 17, 'Minimensaa', '73.12386600', '0.54106200'),
(956, 17, 'Munandhoo', '73.50084900', '0.59574000'),
(957, 17, 'Odagallaa', '73.41953100', '0.66269800'),
(958, 17, 'Raavehrehaa', '73.42896600', '0.76760400'),
(959, 17, 'Ribidhoo', '73.24480500', '0.87157700'),
(960, 17, 'Viligalaa', '73.21608500', '0.51865200'),
(961, 17, 'Vodamulaa', '73.48616500', '0.60412400'),
(962, 18, 'Madaveli', '72.99923600', '0.45901000'),
(963, 18, 'Hoadedhdhoo', '73.00324900', '0.44412500'),
(964, 18, 'Nadellaa', '73.04072900', '0.29359000'),
(965, 18, 'Gadhdhoo', '73.45643500', '0.28947200'),
(966, 18, 'Rathafandhoo', '73.10487300', '0.25324800'),
(967, 18, 'Vaadhoo', '73.27387800', '0.22728200'),
(968, 18, 'Fiyoari', '73.13663900', '0.22127000');
INSERT INTO `region_islands` (`ID`, `atoll_id`, `island_name`, `loc_long`, `loc_lat`) VALUES
(969, 18, 'Thinadhoo', '72.99722700', '0.53018500'),
(970, 18, 'Fares-Maathodaa', '73.18980900', '0.19902000'),
(971, 18, 'Konottaa', '73.15464900', '0.46254200'),
(972, 18, 'Kaadedhdhoo', '72.99384300', '0.48785900'),
(973, 18, 'Baulhageella', '73.17246500', '0.49472900'),
(974, 18, 'Dhigulaabadhoo', '73.15425400', '0.21886800'),
(975, 18, 'Dhoonirehaa', '73.49419800', '0.32485700'),
(976, 18, 'Faanahuttaa', '73.40407600', '0.29952500'),
(977, 18, 'Farehulhudhoo', '73.49709200', '0.32842000'),
(978, 18, 'Gan', '73.43585900', '0.27517100'),
(979, 18, 'Gazeera', '73.37680600', '0.26696000'),
(980, 18, 'Golhallaa', '73.48652200', '0.32093700'),
(981, 18, 'Haadhoo', '72.99964100', '0.45217300'),
(982, 18, 'Havoddaa', '73.09509700', '0.54035100'),
(983, 18, 'Havodigalaa', '73.07436500', '0.52319200'),
(984, 18, 'Hulhuvaarulu', '73.48445500', '0.32638800'),
(985, 18, 'Kaadehdhuvaa', '0.00000000', '0.00000000'),
(986, 18, 'Kaashidhoo', '73.43663700', '0.33482400'),
(987, 18, 'Kadahalagalaa', '73.21679000', '0.22508800'),
(988, 18, 'Kafenaa', '72.99314900', '0.51700500'),
(989, 18, 'Kalhehamala', '73.48245100', '0.31763400'),
(990, 18, 'Kalherehaa', '73.33094400', '0.25355600'),
(991, 18, 'Kodaanafuttaa', '73.49763100', '0.33271000'),
(992, 18, 'Odavarrehaa', '73.22678800', '0.19590800'),
(993, 18, 'Kudahuttaa', '0.00000000', '0.00000000'),
(994, 18, 'Kudhelaihaa', '73.34127300', '0.25177500'),
(995, 18, 'Laihaa', '73.34081400', '0.25551700'),
(996, 18, 'Lonudhoo', '73.41332300', '0.30822100'),
(997, 18, 'Lonudhoohuttaa', '73.41675900', '0.30149100'),
(998, 18, 'Gehemaagala', '73.37952400', '0.36971300'),
(999, 18, 'Maagoderehaa', '72.99227300', '0.50635500'),
(1000, 18, 'Maahutigalaa', '0.00000000', '0.00000000'),
(1001, 18, 'Maaodagalaa', '0.00000000', '0.00000000'),
(1002, 18, 'Maavaarulu', '73.50795700', '0.33503200'),
(1003, 18, 'Maavadhdhuvaa', '73.47225600', '0.30878000'),
(1004, 18, 'Magudhdhuvaa', '73.35681200', '0.27778900'),
(1005, 18, 'Mallaarehaa', '72.98818200', '0.49274800'),
(1006, 18, 'Mathihuttaa', '73.34078300', '0.25562300'),
(1007, 18, 'Menthandhuvaa', '73.49073200', '0.32492100'),
(1008, 18, 'Mudhimaahuttaa', '73.34266100', '0.25503800'),
(1009, 18, 'Odagallaa', '73.38032500', '0.31935900'),
(1010, 18, 'Rahadhuvaa', '72.99026600', '0.49681500'),
(1011, 18, 'Meehunthibenehuttaa', '73.08799300', '0.26598800'),
(1012, 18, 'Thinehuttaa', '73.02607300', '0.36005700'),
(1013, 18, 'Ullegalaa', '73.36967400', '0.39819200'),
(1014, 18, 'Vaireyaadhuvaa', '73.33759500', '0.28851900'),
(1015, 18, 'Vatavarrehaa', '73.29595300', '0.25567200'),
(1016, 18, 'Gehevelagalaa', '73.32016500', '0.35756800'),
(1017, 18, 'Veraaviligilillaa', '73.43655000', '0.33460300'),
(1018, 19, 'Fuvahmulah', '73.42579900', '-0.29428700'),
(1019, 20, 'Meedhoo', '73.23232400', '-0.58243700'),
(1020, 20, 'Hithadhoo', '73.09365000', '-0.61566500'),
(1021, 20, 'Maradhoo', '73.11910600', '-0.66505400'),
(1022, 20, 'Feydhoo', '73.13638700', '-0.68103400'),
(1023, 20, 'Maradhoo-Feydhoo', '73.12588200', '-0.67339400'),
(1024, 20, 'Hulhudhoo', '73.22786100', '-0.59265000'),
(1025, 20, 'Hulhumeedhoo', '73.23226300', '-0.58690000'),
(1026, 20, 'Gan', '73.15579000', '-0.69453000'),
(1027, 20, 'Bedeyaurah', '73.08782400', '-0.58189500'),
(1028, 20, 'Boduhajara', '73.12349600', '-0.67752100'),
(1029, 20, 'Bodukalhuhera', '0.00000000', '0.00000000'),
(1030, 20, 'Dheerondi', '73.08761700', '-0.59481700'),
(1031, 20, 'Dhigihera', '73.13102800', '-0.68627500'),
(1032, 20, 'Gomahera', '73.18330500', '-0.69080200'),
(1033, 20, 'Hankede', '73.11090100', '-0.65576400'),
(1034, 20, 'Hassanbeaarah', '0.00000000', '0.00000000'),
(1035, 20, 'Herethere', '73.22580500', '-0.62192100'),
(1036, 20, 'Hikahera', '73.22180400', '-0.58001200'),
(1037, 20, 'Kafathalhaahera', '73.12694900', '-0.68244500'),
(1038, 20, 'Kan\'dihera', '73.14909500', '-0.61234700'),
(1039, 20, 'Kedavaahera', '73.19931700', '-0.58161100'),
(1040, 20, 'Kudamaahera', '73.08929100', '-0.59805700'),
(1041, 20, 'Kaohera', '73.08869000', '-0.58977500'),
(1042, 20, 'Maahera', '73.09025600', '-0.59559000'),
(1043, 20, 'Mulike\'de', '73.21660100', '-0.65956200'),
(1044, 20, 'Savaaheli', '73.12621100', '-0.68072900'),
(1045, 20, 'Villingili', '73.19353200', '-0.68098300'),
(1046, 20, 'Thun\'bafushi', '0.00000000', '0.00000000');

-- --------------------------------------------------------

--
-- Table structure for table `roles`
--

CREATE TABLE `roles` (
  `ID` int(11) NOT NULL,
  `code` varchar(20) COLLATE utf8_unicode_ci NOT NULL,
  `description` varchar(255) COLLATE utf8_unicode_ci NOT NULL
) ENGINE=InnoDB DEFAULT CHARSET=utf8 COLLATE=utf8_unicode_ci;

--
-- Dumping data for table `roles`
--

INSERT INTO `roles` (`ID`, `code`, `description`) VALUES
(1, 'CR_ROLES', 'Create Role'),
(2, 'UP_ROLES', 'Update Role'),
(3, 'RM_ROLES', 'Remove Role'),
(4, 'CR_SETTINGS', 'Create New Settings'),
(5, 'UP_SETTINGS', 'Update Settings'),
(6, 'CR_GROUPS', 'Create Groups'),
(7, 'UP_GROUPS', 'Update Groups'),
(8, 'RM_GROUPS', 'Remove Groups'),
(9, 'MNG_USER', 'Manage User'),
(10, 'MNG_DEPTS', 'Manage Departments'),
(11, 'MNG_REPTS', 'Manage Recepients');

-- --------------------------------------------------------

--
-- Table structure for table `settings`
--

CREATE TABLE `settings` (
  `field` varchar(45) COLLATE utf8_unicode_ci DEFAULT NULL,
  `value` varchar(45) COLLATE utf8_unicode_ci DEFAULT NULL,
  `category` varchar(45) COLLATE utf8_unicode_ci DEFAULT NULL
) ENGINE=InnoDB DEFAULT CHARSET=utf8 COLLATE=utf8_unicode_ci;

--
-- Dumping data for table `settings`
--

INSERT INTO `settings` (`field`, `value`, `category`) VALUES
('email_is_on', 'true', 'email'),
('from_address', 'helpdesk@treetophospital.com', 'email'),
('from_name', 'ICT Helpdesk', 'email'),
('outgoing_server', '10.2.2.53', 'email'),
('incoming_server', 'exchange.treetophospital.com', 'email'),
('auth_username', 'helpdesk@tth.local', 'email'),
('auth_password', 'Tr33t0pP@123#', 'email'),
('ssl_port', '465', 'email'),
('tls_port', '587', 'email');

-- --------------------------------------------------------

--
-- Table structure for table `users`
--

CREATE TABLE `users` (
  `ID` int(11) NOT NULL,
  `username` varchar(255) COLLATE utf8_unicode_ci NOT NULL,
  `display_name` varchar(35) COLLATE utf8_unicode_ci NOT NULL,
  `email` varchar(255) COLLATE utf8_unicode_ci NOT NULL,
  `contact_no` varchar(45) COLLATE utf8_unicode_ci DEFAULT NULL,
  `password` varchar(255) COLLATE utf8_unicode_ci NOT NULL,
  `salt` varchar(100) COLLATE utf8_unicode_ci NOT NULL,
  `first_loggedIn` datetime DEFAULT NULL,
  `last_loggedIn` datetime DEFAULT NULL,
  `group_id` int(11) DEFAULT NULL,
  `isActive` tinyint(11) NOT NULL,
  `joined_dt` datetime DEFAULT NULL
) ENGINE=InnoDB DEFAULT CHARSET=utf8 COLLATE=utf8_unicode_ci;

--
-- Dumping data for table `users`
--

INSERT INTO `users` (`ID`, `username`, `display_name`, `email`, `contact_no`, `password`, `salt`, `first_loggedIn`, `last_loggedIn`, `group_id`, `isActive`, `joined_dt`) VALUES
(1, 'ahmed.shan', 'Ahmed Shan', 'ahmed.shan@treetophospital.com', '9991947', '3495e9914327d9a1b7a74e783ff46c04', 'ddbba1b39356f3b78ccaa39f47fe1129', '2019-10-20 01:30:50', '2020-02-09 01:31:54', 2, 1, '2019-10-20 01:30:28');

-- --------------------------------------------------------

--
-- Table structure for table `user_meta`
--

CREATE TABLE `user_meta` (
  `user_id` int(11) DEFAULT NULL,
  `bg_image` varchar(45) COLLATE utf8_unicode_ci DEFAULT NULL,
  `super_manager` tinyint(4) NOT NULL
) ENGINE=InnoDB DEFAULT CHARSET=utf8 COLLATE=utf8_unicode_ci;

--
-- Dumping data for table `user_meta`
--

INSERT INTO `user_meta` (`user_id`, `bg_image`, `super_manager`) VALUES
(1, 'background.jpg', 1);

--
-- Indexes for dumped tables
--

--
-- Indexes for table `alerts`
--
ALTER TABLE `alerts`
  ADD PRIMARY KEY (`ID`);

--
-- Indexes for table `departments`
--
ALTER TABLE `departments`
  ADD PRIMARY KEY (`ID`);

--
-- Indexes for table `documents`
--
ALTER TABLE `documents`
  ADD PRIMARY KEY (`ID`);

--
-- Indexes for table `emailer`
--
ALTER TABLE `emailer`
  ADD PRIMARY KEY (`ID`);

--
-- Indexes for table `groups`
--
ALTER TABLE `groups`
  ADD PRIMARY KEY (`ID`);

--
-- Indexes for table `logs`
--
ALTER TABLE `logs`
  ADD PRIMARY KEY (`ID`);

--
-- Indexes for table `notifications`
--
ALTER TABLE `notifications`
  ADD PRIMARY KEY (`ID`);

--
-- Indexes for table `recipients`
--
ALTER TABLE `recipients`
  ADD PRIMARY KEY (`ID`);

--
-- Indexes for table `region_atolls`
--
ALTER TABLE `region_atolls`
  ADD PRIMARY KEY (`ID`);

--
-- Indexes for table `region_islands`
--
ALTER TABLE `region_islands`
  ADD PRIMARY KEY (`ID`);

--
-- Indexes for table `roles`
--
ALTER TABLE `roles`
  ADD PRIMARY KEY (`ID`);

--
-- Indexes for table `users`
--
ALTER TABLE `users`
  ADD PRIMARY KEY (`ID`);

--
-- AUTO_INCREMENT for dumped tables
--

--
-- AUTO_INCREMENT for table `alerts`
--
ALTER TABLE `alerts`
  MODIFY `ID` int(11) UNSIGNED NOT NULL AUTO_INCREMENT;

--
-- AUTO_INCREMENT for table `departments`
--
ALTER TABLE `departments`
  MODIFY `ID` int(11) NOT NULL AUTO_INCREMENT, AUTO_INCREMENT=2;

--
-- AUTO_INCREMENT for table `documents`
--
ALTER TABLE `documents`
  MODIFY `ID` int(11) NOT NULL AUTO_INCREMENT;

--
-- AUTO_INCREMENT for table `emailer`
--
ALTER TABLE `emailer`
  MODIFY `ID` int(11) UNSIGNED NOT NULL AUTO_INCREMENT, AUTO_INCREMENT=3;

--
-- AUTO_INCREMENT for table `groups`
--
ALTER TABLE `groups`
  MODIFY `ID` int(11) UNSIGNED NOT NULL AUTO_INCREMENT, AUTO_INCREMENT=5;

--
-- AUTO_INCREMENT for table `logs`
--
ALTER TABLE `logs`
  MODIFY `ID` int(11) UNSIGNED NOT NULL AUTO_INCREMENT, AUTO_INCREMENT=650;

--
-- AUTO_INCREMENT for table `notifications`
--
ALTER TABLE `notifications`
  MODIFY `ID` int(11) NOT NULL AUTO_INCREMENT, AUTO_INCREMENT=2;

--
-- AUTO_INCREMENT for table `recipients`
--
ALTER TABLE `recipients`
  MODIFY `ID` int(11) UNSIGNED NOT NULL AUTO_INCREMENT, AUTO_INCREMENT=4;

--
-- AUTO_INCREMENT for table `region_atolls`
--
ALTER TABLE `region_atolls`
  MODIFY `ID` int(11) UNSIGNED NOT NULL AUTO_INCREMENT, AUTO_INCREMENT=22;

--
-- AUTO_INCREMENT for table `region_islands`
--
ALTER TABLE `region_islands`
  MODIFY `ID` int(11) UNSIGNED NOT NULL AUTO_INCREMENT, AUTO_INCREMENT=1047;

--
-- AUTO_INCREMENT for table `roles`
--
ALTER TABLE `roles`
  MODIFY `ID` int(11) NOT NULL AUTO_INCREMENT, AUTO_INCREMENT=12;

--
-- AUTO_INCREMENT for table `users`
--
ALTER TABLE `users`
  MODIFY `ID` int(11) NOT NULL AUTO_INCREMENT, AUTO_INCREMENT=2;
